Type,Address,Price,Street Address,City,State,Zip Code,Sq. Feet,Href
Condo for rent,"9058 Apache Plume Dr Unit F, Parker, CO 80134",2095,9058 Apache Plume Dr Unit F,Parker,CO,80134,1692,https://www.zillow.com/homedetails/9058-Apache-Plume-Dr-UNIT-F-Parker-CO-80134/94652364_zpid/
House for rent,"17012 Foxton Dr, Parker, CO 80134",2350,17012 Foxton Dr ,Parker,CO,80134,2800,https://www.zillow.com/homedetails/17012-Foxton-Dr-Parker-CO-80134/13471045_zpid/
House for rent,"12856 S Silver Plume St, Parker, CO 80134",2695,12856 S Silver Plume St ,Parker,CO,80134,2860,https://www.zillow.com/homedetails/12856-S-Silver-Plume-St-Parker-CO-80134/13476118_zpid/
House for rent,"17927 Domingo Dr, Parker, CO 80134",2895,17927 Domingo Dr ,Parker,CO,80134,2880,https://www.zillow.com/homedetails/17927-Domingo-Dr-Parker-CO-80134/67450828_zpid/
House for rent,"16346 Orchard Grass Ln, Parker, CO 80134",2400,16346 Orchard Grass Ln ,Parker,CO,80134,1924,https://www.zillow.com/homedetails/16346-Orchard-Grass-Ln-Parker-CO-80134/13464793_zpid/
House for rent,"17612 Peyton Dr, Parker, CO 80134",2600,17612 Peyton Dr ,Parker,CO,80134,1921,https://www.zillow.com/homedetails/17612-Peyton-Dr-Parker-CO-80134/13470448_zpid/
House for rent,"12915 S Bonney St, Parker, CO 80134",2300,12915 S Bonney St ,Parker,CO,80134,1408,https://www.zillow.com/homedetails/12915-S-Bonney-St-Parker-CO-80134/13476023_zpid/
House for rent,"9526 S Coltsfoot Dr, Parker, CO 80134",3600,9526 S Coltsfoot Dr ,Parker,CO,80134,5126,https://www.zillow.com/homedetails/9526-S-Coltsfoot-Dr-Parker-CO-80134/13466201_zpid/
House for rent,"11734 Camarillo St, Parker, CO 80134",5500,11734 Camarillo St ,Parker,CO,80134,5098,https://www.zillow.com/homedetails/11734-Camarillo-St-Parker-CO-80134/118268905_zpid/
House for rent,"8952 Cloverleaf Cir, Parker, CO 80134",2095,8952 Cloverleaf Cir ,Parker,CO,80134,1157,https://www.zillow.com/homedetails/8952-Cloverleaf-Cir-Parker-CO-80134/13464124_zpid/
House for rent,"8725 Greengrass Way, Parker, CO 80134",2125,8725 Greengrass Way ,Parker,CO,80134,1476,https://www.zillow.com/homedetails/8725-Greengrass-Way-Parker-CO-80134/13465171_zpid/
House for rent,"12800 Buckhorn Creek St, Parker, CO 80134",2295,12800 Buckhorn Creek St ,Parker,CO,80134,2015,https://www.zillow.com/homedetails/12800-Buckhorn-Creek-St-Parker-CO-80134/61084958_zpid/
House for rent,"10565 Casper Point, Parker, CO 80134",2695,10565 Casper Point ,Parker,CO,80134,2209,https://www.zillow.com/homedetails/10565-Casper-Point-Parker-CO-80134/242033954_zpid/
House for rent,"15068 Vienna Cir, Parker, CO 80134",2850,15068 Vienna Cir ,Parker,CO,80134,2367,https://www.zillow.com/homedetails/15068-Vienna-Cir-Parker-CO-80134/124171483_zpid/
Townhouse for rent,"9451 Ashbury Cir Unit 201, Parker, CO 80134",2050,9451 Ashbury Cir Unit 201,Parker,CO,80134,1466,https://www.zillow.com/homedetails/9451-Ashbury-Cir-UNIT-201-Parker-CO-80134/72299497_zpid/
House for rent,"16736 E Hollow Horn Ave, Parker, CO 80134",2100,16736 E Hollow Horn Ave ,Parker,CO,80134,1308,https://www.zillow.com/homedetails/16736-E-Hollow-Horn-Ave-Parker-CO-80134/67453453_zpid/
House for rent,"9294 Longstone Dr, Parker, CO 80134",2200,9294 Longstone Dr ,Parker,CO,80134,1495,https://www.zillow.com/homedetails/9294-Longstone-Dr-Parker-CO-80134/55812796_zpid/
House for rent,"17351 E Hawksbead Dr, Parker, CO 80134",2550,17351 E Hawksbead Dr ,Parker,CO,80134,2491,https://www.zillow.com/homedetails/17351-E-Hawksbead-Dr-Parker-CO-80134/13466037_zpid/
House for rent,"10094 Amston St, Parker, CO 80134",2195,10094 Amston St ,Parker,CO,80134,1576,https://www.zillow.com/homedetails/10094-Amston-St-Parker-CO-80134/63390841_zpid/
Townhouse for rent,"16687 Las Ramblas Ln Unit A, Parker, CO 80134",2095,16687 Las Ramblas Ln Unit A,Parker,CO,80134,1546,https://www.zillow.com/homedetails/16687-Las-Ramblas-Ln-UNIT-A-Parker-CO-80134/72300324_zpid/
House for rent,"12831 S Robinson Ranch Ct, Parker, CO 80134",3800,12831 S Robinson Ranch Ct ,Parker,CO,80134,5762,https://www.zillow.com/homedetails/12831-S-Robinson-Ranch-Ct-Parker-CO-80134/67450271_zpid/
House for rent,"Oslo Ave, Parker, CO 80134",1500, Oslo Ave ,Parker,CO,80134,650,https://www.zillow.com/homedetails/Oslo-Ave-Parker-CO-80134/2089123244_zpid/
House for rent,"8377 Prairie Clover Way, Parker, CO 80134",2380,8377 Prairie Clover Way ,Parker,CO,80134,1668,https://www.zillow.com/homedetails/8377-Prairie-Clover-Way-Parker-CO-80134/13464328_zpid/
House for rent,"17867 Domingo Dr, Parker, CO 80134",2695,17867 Domingo Dr ,Parker,CO,80134,2537,https://www.zillow.com/homedetails/17867-Domingo-Dr-Parker-CO-80134/108401101_zpid/
House for rent,"17739 Biscuit Root Dr, Parker, CO 80134",2440,17739 Biscuit Root Dr ,Parker,CO,80134,1670,https://www.zillow.com/homedetails/17739-Biscuit-Root-Dr-Parker-CO-80134/13464202_zpid/
House for rent,"16198 Willowstone St, Parker, CO 80134",2550,16198 Willowstone St ,Parker,CO,80134,2437,https://www.zillow.com/homedetails/16198-Willowstone-St-Parker-CO-80134/13468418_zpid/
Condo for rent,"9180 Rolling Way Unit 203, Parker, CO 80134",1640,9180 Rolling Way Unit 203,Parker,CO,80134,925,https://www.zillow.com/homedetails/9180-Rolling-Way-UNIT-203-Parker-CO-80134/147381870_zpid/
House for rent,"Dragonfly Ct, Parker, CO 80134",2800, Dragonfly Ct ,Parker,CO,80134,3255,https://www.zillow.com/homedetails/Dragonfly-Ct-Parker-CO-80134/2078817912_zpid/
House for rent,"6507 Pinewood Dr, Parker, CO 80134",2195,6507 Pinewood Dr ,Parker,CO,80134,1992,https://www.zillow.com/homedetails/6507-Pinewood-Dr-Parker-CO-80134/13479191_zpid/
House for rent,"10284 Carrara Ter, Parker, CO 80134",2600,10284 Carrara Ter ,Parker,CO,80134,2850,https://www.zillow.com/homedetails/10284-Carrara-Ter-Parker-CO-80134/13468628_zpid/
House for rent,"5201 Creek Way, Parker, CO 80134",2595,5201 Creek Way ,Parker,CO,80134,1940,https://www.zillow.com/homedetails/5201-Creek-Way-Parker-CO-80134/13480888_zpid/
House for rent,"5407 Rhyolite Way, Parker, CO 80134",2525,5407 Rhyolite Way ,Parker,CO,80134,1918,https://www.zillow.com/homedetails/5407-Rhyolite-Way-Parker-CO-80134/13481172_zpid/
House for rent,"14035 Hillrose Dr, Parker, CO 80134",3595,14035 Hillrose Dr ,Parker,CO,80134,4500,https://www.zillow.com/homedetails/14035-Hillrose-Dr-Parker-CO-80134/108389297_zpid/
House for rent,"9783 Ironstone Pl, Parker, CO 80134",2575,9783 Ironstone Pl ,Parker,CO,80134,2976,https://www.zillow.com/homedetails/9783-Ironstone-Pl-Parker-CO-80134/13465567_zpid/
Townhouse for rent,"13798 Tall Oaks Loop, Parker, CO 80134",2450,13798 Tall Oaks Loop ,Parker,CO,80134,1829,https://www.zillow.com/homedetails/13798-Tall-Oaks-Loop-Parker-CO-80134/124167848_zpid/
House for rent,"10204 Greenfield Cir, Parker, CO 80134",3325,10204 Greenfield Cir ,Parker,CO,80134,3550,https://www.zillow.com/homedetails/10204-Greenfield-Cir-Parker-CO-80134/94651400_zpid/
House for rent,"5025 Collingswood Ct, Highlands Ranch, CO 80130",2250,5025 Collingswood Ct ,Highlands Ranch,CO,80130,1600,https://www.zillow.com/homedetails/5025-Collingswood-Ct-Highlands-Ranch-CO-80130/13461260_zpid/
House for rent,"8658 Canongate Ln, Highlands Ranch, CO 80130",2800,8658 Canongate Ln ,Highlands Ranch,CO,80130,2529,https://www.zillow.com/homedetails/8658-Canongate-Ln-Highlands-Ranch-CO-80130/13452892_zpid/
House for rent,"10768 Towerbridge Cir, Highlands Ranch, CO 80130",2475,10768 Towerbridge Cir ,Highlands Ranch,CO,80130,2592,https://www.zillow.com/homedetails/10768-Towerbridge-Cir-Highlands-Ranch-CO-80130/67453545_zpid/
House for rent,"10982 Timber Ridge Ln, Highlands Ranch, CO 80130",2800,10982 Timber Ridge Ln ,Highlands Ranch,CO,80130,3550,https://www.zillow.com/homedetails/10982-Timber-Ridge-Ln-Highlands-Ranch-CO-80130/82022708_zpid/
House for rent,"10274 Rotherwood Cir, Highlands Ranch, CO 80130",2400,10274 Rotherwood Cir ,Highlands Ranch,CO,80130,2197,https://www.zillow.com/homedetails/10274-Rotherwood-Cir-Highlands-Ranch-CO-80130/13462452_zpid/
Townhouse for rent,"6408 Silver Mesa Dr Unit E, Littleton, CO 80130",2695,6408 Silver Mesa Dr Unit E,Littleton,CO,80130,1495,https://www.zillow.com/homedetails/6408-Silver-Mesa-Dr-UNIT-E-Littleton-CO-80130/2078414905_zpid/
House for rent,"10675 Cedarcrest Cir, Highlands Ranch, CO 80130",3350,10675 Cedarcrest Cir ,Highlands Ranch,CO,80130,2883,https://www.zillow.com/homedetails/10675-Cedarcrest-Cir-Highlands-Ranch-CO-80130/62810148_zpid/
House for rent,"10211 Jill Ave, Highlands Ranch, CO 80130",2530,10211 Jill Ave ,Highlands Ranch,CO,80130,2591,https://www.zillow.com/homedetails/10211-Jill-Ave-Highlands-Ranch-CO-80130/13459906_zpid/
House for rent,"10559 Atwood Cir, Highlands Ranch, CO 80130",2450,10559 Atwood Cir ,Highlands Ranch,CO,80130,2723,https://www.zillow.com/homedetails/10559-Atwood-Cir-Highlands-Ranch-CO-80130/62810170_zpid/
House for rent,"10673 Cedarcrest Cir, Highlands Ranch, CO 80130",2875,10673 Cedarcrest Cir ,Highlands Ranch,CO,80130,2525,https://www.zillow.com/homedetails/10673-Cedarcrest-Cir-Highlands-Ranch-CO-80130/62810147_zpid/
House for rent,"10243 Fawnbrook Ct, Highlands Ranch, CO 80130",2695,10243 Fawnbrook Ct ,Highlands Ranch,CO,80130,2700,https://www.zillow.com/homedetails/10243-Fawnbrook-Ct-Highlands-Ranch-CO-80130/13461236_zpid/
House for rent,"9188 Sugarstone Cir, Highlands Ranch, CO 80130",3350,9188 Sugarstone Cir ,Highlands Ranch,CO,80130,3866,https://www.zillow.com/homedetails/9188-Sugarstone-Cir-Highlands-Ranch-CO-80130/13456462_zpid/
House for rent,"10649 Jewelberry Cir, Highlands Ranch, CO 80130",2400,10649 Jewelberry Cir ,Highlands Ranch,CO,80130,1562,https://www.zillow.com/homedetails/10649-Jewelberry-Cir-Highlands-Ranch-CO-80130/62722778_zpid/
House for rent,"10482 Ketchwood Ct, Highlands Ranch, CO 80130",2250,10482 Ketchwood Ct ,Highlands Ranch,CO,80130,2300,https://www.zillow.com/homedetails/10482-Ketchwood-Ct-Highlands-Ranch-CO-80130/13462643_zpid/
House for rent,"10946 Brooklawn Rd, Highlands Ranch, CO 80130",2500,10946 Brooklawn Rd ,Highlands Ranch,CO,80130,2171,https://www.zillow.com/homedetails/10946-Brooklawn-Rd-Highlands-Ranch-CO-80130/82239126_zpid/
Townhouse for rent,"6510 Silver Mesa Dr Unit D, Littleton, CO 80130",3000,6510 Silver Mesa Dr Unit D,Littleton,CO,80130,1627,https://www.zillow.com/homedetails/6510-Silver-Mesa-Dr-UNIT-D-Littleton-CO-80130/63390187_zpid/
Townhouse for rent,"8633 Gold Peak Pl Unit C, Highlands Ranch, CO 80130",3995,8633 Gold Peak Pl Unit C,Highlands Ranch,CO,80130,1457,https://www.zillow.com/homedetails/8633-Gold-Peak-Pl-UNIT-C-Highlands-Ranch-CO-80130/82020586_zpid/
House for rent,"10850 Towerbridge Rd, Highlands Ranch, CO 80130",2800,10850 Towerbridge Rd ,Highlands Ranch,CO,80130,2171,https://www.zillow.com/homedetails/10850-Towerbridge-Rd-Highlands-Ranch-CO-80130/67453524_zpid/
House for rent,"9051 Bermuda Run Cir, Highlands Ranch, CO 80130",2245,9051 Bermuda Run Cir ,Highlands Ranch,CO,80130,1322,https://www.zillow.com/homedetails/9051-Bermuda-Run-Cir-Highlands-Ranch-CO-80130/13452545_zpid/
House for rent,"5050 Wagon Box Pl, Highlands Ranch, CO 80130",2950,5050 Wagon Box Pl ,Highlands Ranch,CO,80130,2821,https://www.zillow.com/homedetails/5050-Wagon-Box-Pl-Highlands-Ranch-CO-80130/62810086_zpid/
House for rent,"9862 Sydney Ln, Highlands Ranch, CO 80130",2595,9862 Sydney Ln ,Highlands Ranch,CO,80130,1741,https://www.zillow.com/homedetails/9862-Sydney-Ln-Highlands-Ranch-CO-80130/13455483_zpid/
House for rent,"4826 Collinsville Pl, Highlands Ranch, CO 80130",2250,4826 Collinsville Pl ,Highlands Ranch,CO,80130,1858,https://www.zillow.com/homedetails/4826-Collinsville-Pl-Highlands-Ranch-CO-80130/13461702_zpid/
House for rent,"9669 Hemlock Ct, Highlands Ranch, CO 80130",2900,9669 Hemlock Ct ,Highlands Ranch,CO,80130,3534,https://www.zillow.com/homedetails/9669-Hemlock-Ct-Highlands-Ranch-CO-80130/13456924_zpid/
House for rent,"9706 Queenscliffe Dr, Highlands Ranch, CO 80130",2350,9706 Queenscliffe Dr ,Highlands Ranch,CO,80130,1750,https://www.zillow.com/homedetails/9706-Queenscliffe-Dr-Highlands-Ranch-CO-80130/13455280_zpid/
Townhouse for rent,"1381 Northcrest Dr, Highlands Ranch, CO 80126",2450,1381 Northcrest Dr ,Highlands Ranch,CO,80126,2454,https://www.zillow.com/homedetails/1381-Northcrest-Dr-Highlands-Ranch-CO-80126/13436228_zpid/
House for rent,"Beacon Hill Dr, Littleton, CO 80126",2650, Beacon Hill Dr ,Littleton,CO,80126,3425,https://www.zillow.com/homedetails/Beacon-Hill-Dr-Littleton-CO-80126/2079587713_zpid/
House for rent,"10734 Evondale St, Highlands Ranch, CO 80126",2400,10734 Evondale St ,Highlands Ranch,CO,80126,2171,https://www.zillow.com/homedetails/10734-Evondale-St-Highlands-Ranch-CO-80126/55811865_zpid/
Condo for rent,"8438 S Thunder Ridge Way Unit 104, Highlands Ranch, CO 80126",1595,8438 S Thunder Ridge Way Unit 104,Highlands Ranch,CO,80126,1041,https://www.zillow.com/homedetails/8438-S-Thunder-Ridge-Way-UNIT-104-Highlands-Ranch-CO-80126/2113204885_zpid/
Condo for rent,"8312 Pebble Creek Way Unit 204, Highlands Ranch, CO 80126",1695,8312 Pebble Creek Way Unit 204,Highlands Ranch,CO,80126,1078,https://www.zillow.com/homedetails/8312-Pebble-Creek-Way-UNIT-204-Highlands-Ranch-CO-80126/13434931_zpid/
House for rent,"2246 Mountain Sage Dr, Highlands Ranch, CO 80126",2450,2246 Mountain Sage Dr ,Highlands Ranch,CO,80126,2723,https://www.zillow.com/homedetails/2246-Mountain-Sage-Dr-Highlands-Ranch-CO-80126/13436864_zpid/
House for rent,"3380 Cranston Cir, Highlands Ranch, CO 80126",2295,3380 Cranston Cir ,Highlands Ranch,CO,80126,1644,https://www.zillow.com/homedetails/3380-Cranston-Cir-Highlands-Ranch-CO-80126/108384019_zpid/
House for rent,"1391 Beacon Hill Dr, Highlands Ranch, CO 80126",3000,1391 Beacon Hill Dr ,Highlands Ranch,CO,80126,2766,https://www.zillow.com/homedetails/1391-Beacon-Hill-Dr-Highlands-Ranch-CO-80126/13444396_zpid/
House for rent,"4691 Whimbrel Dr, Littleton, CO 80126",3000,4691 Whimbrel Dr ,Littleton,CO,80126,3107,https://www.zillow.com/homedetails/4691-Whimbrel-Dr-Littleton-CO-80126/13453207_zpid/
House for rent,"3712 Charterwood Dr, Highlands Ranch, CO 80126",2550,3712 Charterwood Dr ,Highlands Ranch,CO,80126,2396,https://www.zillow.com/homedetails/3712-Charterwood-Dr-Highlands-Ranch-CO-80126/13446749_zpid/
Condo for rent,"4430 Copeland Loop Unit 104, Littleton, CO 80126",1900,4430 Copeland Loop Unit 104,Littleton,CO,80126,1200,https://www.zillow.com/homedetails/4430-Copeland-Loop-UNIT-104-Littleton-CO-80126/67455443_zpid/
House for rent,"10616 Cherrybrook Cir, Highlands Ranch, CO 80126",2195,10616 Cherrybrook Cir ,Highlands Ranch,CO,80126,1918,https://www.zillow.com/homedetails/10616-Cherrybrook-Cir-Highlands-Ranch-CO-80126/52457343_zpid/
House for rent,"3155 Kedleston Ave, Highlands Ranch, CO 80126",2800,3155 Kedleston Ave ,Highlands Ranch,CO,80126,1991,https://www.zillow.com/homedetails/3155-Kedleston-Ave-Highlands-Ranch-CO-80126/55811189_zpid/
House for rent,"9867 Aftonwood St, Highlands Ranch, CO 80126",2195,9867 Aftonwood St ,Highlands Ranch,CO,80126,1463,https://www.zillow.com/homedetails/9867-Aftonwood-St-Highlands-Ranch-CO-80126/13454802_zpid/
Condo for rent,"8449 Little Rock Way Unit 204, Highlands Ranch, CO 80126",2000,8449 Little Rock Way Unit 204,Highlands Ranch,CO,80126,717,https://www.zillow.com/homedetails/8449-Little-Rock-Way-UNIT-204-Highlands-Ranch-CO-80126/13434707_zpid/
House for rent,"9236 Woodland Dr, Highlands Ranch, CO 80126",2300,9236 Woodland Dr ,Highlands Ranch,CO,80126,1500,https://www.zillow.com/homedetails/9236-Woodland-Dr-Highlands-Ranch-CO-80126/13442033_zpid/
House for rent,"2973 Windridge Cir, Highlands Ranch, CO 80126",2900,2973 Windridge Cir ,Highlands Ranch,CO,80126,2500,https://www.zillow.com/homedetails/2973-Windridge-Cir-Highlands-Ranch-CO-80126/61084343_zpid/
House for rent,"628 Longfellow Ln, Highlands Ranch, CO 80126",2295,628 Longfellow Ln ,Highlands Ranch,CO,80126,1280,https://www.zillow.com/homedetails/628-Longfellow-Ln-Highlands-Ranch-CO-80126/13441809_zpid/
House for rent,"10665 Evondale St, Highlands Ranch, CO 80126",2300,10665 Evondale St ,Highlands Ranch,CO,80126,2687,https://www.zillow.com/homedetails/10665-Evondale-St-Highlands-Ranch-CO-80126/55811288_zpid/
House for rent,"643 Walden Ct, Highlands Ranch, CO 80126",2350,643 Walden Ct ,Highlands Ranch,CO,80126,1900,https://www.zillow.com/homedetails/643-Walden-Ct-Highlands-Ranch-CO-80126/13441722_zpid/
House for rent,"9491 Devon Ct, Highlands Ranch, CO 80126",1950,9491 Devon Ct ,Highlands Ranch,CO,80126,1070,https://www.zillow.com/homedetails/9491-Devon-Ct-Highlands-Ranch-CO-80126/13442741_zpid/
House for rent,"2803 Timberchase Trl, Highlands Ranch, CO 80126",3295,2803 Timberchase Trl ,Highlands Ranch,CO,80126,3965,https://www.zillow.com/homedetails/2803-Timberchase-Trl-Highlands-Ranch-CO-80126/13446490_zpid/
House for rent,"10143 Meadowbriar Ln, Highlands Ranch, CO 80126",3200,10143 Meadowbriar Ln ,Highlands Ranch,CO,80126,3650,https://www.zillow.com/homedetails/10143-Meadowbriar-Ln-Highlands-Ranch-CO-80126/13445934_zpid/
House for rent,"20 Burgundy Dr, Highlands Ranch, CO 80126",2445,20 Burgundy Dr ,Highlands Ranch,CO,80126,2918,https://www.zillow.com/homedetails/20-Burgundy-Dr-Highlands-Ranch-CO-80126/13442264_zpid/
House for rent,"9811 Dunning Cir, Highlands Ranch, CO 80126",2395,9811 Dunning Cir ,Highlands Ranch,CO,80126,2467,https://www.zillow.com/homedetails/9811-Dunning-Cir-Highlands-Ranch-CO-80126/108393673_zpid/
Townhouse for rent,"1252 Carlyle Park Cir, Highlands Ranch, CO 80129",1940,1252 Carlyle Park Cir ,Highlands Ranch,CO,80129,1500,https://www.zillow.com/homedetails/1252-Carlyle-Park-Cir-Highlands-Ranch-CO-80129/52457182_zpid/
Townhouse for rent,"625 W Burgundy St Unit B, Highlands Ranch, CO 80129",2400,625 W Burgundy St Unit B,Highlands Ranch,CO,80129,1583,https://www.zillow.com/homedetails/625-W-Burgundy-St-UNIT-B-Highlands-Ranch-CO-80129/67455532_zpid/
House for rent,"1467 W Briarhollow Ln, Littleton, CO 80129",2295,1467 W Briarhollow Ln ,Littleton,CO,80129,1415,https://www.zillow.com/homedetails/1467-W-Briarhollow-Ln-Littleton-CO-80129/2078353614_zpid/
House for rent,"9491 Cove Creek Dr, Highlands Ranch, CO 80129",2450,9491 Cove Creek Dr ,Highlands Ranch,CO,80129,1800,https://www.zillow.com/homedetails/9491-Cove-Creek-Dr-Highlands-Ranch-CO-80129/13438390_zpid/
House for rent,"10084 Silver Maple Cir, Highlands Ranch, CO 80129",3200,10084 Silver Maple Cir ,Highlands Ranch,CO,80129,3072,https://www.zillow.com/homedetails/10084-Silver-Maple-Cir-Highlands-Ranch-CO-80129/13450138_zpid/
House for rent,"3468 Oak Leaf Pl, Highlands Ranch, CO 80129",3400,3468 Oak Leaf Pl ,Highlands Ranch,CO,80129,3551,https://www.zillow.com/homedetails/3468-Oak-Leaf-Pl-Highlands-Ranch-CO-80129/13450426_zpid/
House for rent,"1468 Braewood Ave, Highlands Ranch, CO 80129",2295,1468 Braewood Ave ,Highlands Ranch,CO,80129,1316,https://www.zillow.com/homedetails/1468-Braewood-Ave-Highlands-Ranch-CO-80129/13441007_zpid/
House for rent,"9576 High Cliffe St, Highlands Ranch, CO 80129",3200,9576 High Cliffe St ,Highlands Ranch,CO,80129,2847,https://www.zillow.com/homedetails/9576-High-Cliffe-St-Highlands-Ranch-CO-80129/13439408_zpid/
House for rent,"9496 Cove Creek Dr, Highlands Ranch, CO 80129",2450,9496 Cove Creek Dr ,Highlands Ranch,CO,80129,2093,https://www.zillow.com/homedetails/9496-Cove-Creek-Dr-Highlands-Ranch-CO-80129/13438299_zpid/
Townhouse for rent,"10142 Autumn Blaze Trl, Highlands Ranch, CO 80129",2050,10142 Autumn Blaze Trl ,Highlands Ranch,CO,80129,1477,https://www.zillow.com/homedetails/10142-Autumn-Blaze-Trl-Highlands-Ranch-CO-80129/55811320_zpid/
House for rent,"1149 Timbervale Trl, Highlands Ranch, CO 80129",2250,1149 Timbervale Trl ,Highlands Ranch,CO,80129,1748,https://www.zillow.com/homedetails/1149-Timbervale-Trl-Highlands-Ranch-CO-80129/13441335_zpid/
House for rent,"1128 English Sparrow Trl, Highlands Ranch, CO 80129",3000,1128 English Sparrow Trl ,Highlands Ranch,CO,80129,3800,https://www.zillow.com/homedetails/1128-English-Sparrow-Trl-Highlands-Ranch-CO-80129/13448228_zpid/
House for rent,"1390 Braewood Ave, Highlands Ranch, CO 80129",2495,1390 Braewood Ave ,Highlands Ranch,CO,80129,1691,https://www.zillow.com/homedetails/1390-Braewood-Ave-Highlands-Ranch-CO-80129/13440992_zpid/
Townhouse for rent,"150 Whitehaven Cir, Highlands Ranch, CO 80129",2350,150 Whitehaven Cir ,Highlands Ranch,CO,80129,1730,https://www.zillow.com/homedetails/150-Whitehaven-Cir-Highlands-Ranch-CO-80129/55811509_zpid/
Townhouse for rent,"9534 Cedarhurst Ln Unit B, Littleton, CO 80129",2295,9534 Cedarhurst Ln Unit B,Littleton,CO,80129,1688,https://www.zillow.com/homedetails/9534-Cedarhurst-Ln-UNIT-B-Littleton-CO-80129/67095283_zpid/
House for rent,"10307 Woodrose Ln, Highlands Ranch, CO 80129",2695,10307 Woodrose Ln ,Highlands Ranch,CO,80129,1731,https://www.zillow.com/homedetails/10307-Woodrose-Ln-Highlands-Ranch-CO-80129/13450833_zpid/
House for rent,"2527 Channel Dr, Highlands Ranch, CO 80129",2995,2527 Channel Dr ,Highlands Ranch,CO,80129,1800,https://www.zillow.com/homedetails/2527-Channel-Dr-Highlands-Ranch-CO-80129/249984518_zpid/
Townhouse for rent,"158 Whitehaven Cir, Highlands Ranch, CO 80129",2500,158 Whitehaven Cir ,Highlands Ranch,CO,80129,1500,https://www.zillow.com/homedetails/158-Whitehaven-Cir-Highlands-Ranch-CO-80129/55811471_zpid/
House for rent,"4265 Miners Candle Dr, Castle Rock, CO 80109",2600,4265 Miners Candle Dr ,Castle Rock,CO,80109,3552,https://www.zillow.com/homedetails/4265-Miners-Candle-Dr-Castle-Rock-CO-80109/52460639_zpid/
House for rent,"4135 Bluethrush Ct, Castle Rock, CO 80109",2595,4135 Bluethrush Ct ,Castle Rock,CO,80109,2804,https://www.zillow.com/homedetails/4135-Bluethrush-Ct-Castle-Rock-CO-80109/52460498_zpid/
House for rent,"2274 Quartz St, Castle Rock, CO 80109",2300,2274 Quartz St ,Castle Rock,CO,80109,1981,https://www.zillow.com/homedetails/2274-Quartz-St-Castle-Rock-CO-80109/82025136_zpid/
House for rent,"5055 Buttercup Dr, Castle Rock, CO 80109",2595,5055 Buttercup Dr ,Castle Rock,CO,80109,2497,https://www.zillow.com/homedetails/5055-Buttercup-Dr-Castle-Rock-CO-80109/13485761_zpid/
Townhouse for rent,"1476 Thunder Butte Rd, Castle Rock, CO 80109",1900,1476 Thunder Butte Rd ,Castle Rock,CO,80109,1486,https://www.zillow.com/homedetails/1476-Thunder-Butte-Rd-Castle-Rock-CO-80109/55814852_zpid/
House for rent,"4116 Miners Candle Dr, Castle Rock, CO 80109",2300,4116 Miners Candle Dr ,Castle Rock,CO,80109,1657,https://www.zillow.com/homedetails/4116-Miners-Candle-Dr-Castle-Rock-CO-80109/52460727_zpid/
Townhouse for rent,"1545 Bennet Mountain Rd, Castle Rock, CO 80109",1850,1545 Bennet Mountain Rd ,Castle Rock,CO,80109,1416,https://www.zillow.com/homedetails/1545-Bennet-Mountain-Rd-Castle-Rock-CO-80109/55814811_zpid/
House for rent,"3922 Licorice Ct, Castle Rock, CO 80109",2325,3922 Licorice Ct ,Castle Rock,CO,80109,2151,https://www.zillow.com/homedetails/3922-Licorice-Ct-Castle-Rock-CO-80109/13484649_zpid/
House for rent,"2128 Quartz St, Castle Rock, CO 80109",2725,2128 Quartz St ,Castle Rock,CO,80109,2315,https://www.zillow.com/homedetails/2128-Quartz-St-Castle-Rock-CO-80109/82021879_zpid/
Townhouse for rent,"3828 Ute Mountain Trl, Castle Rock, CO 80109",2100,3828 Ute Mountain Trl ,Castle Rock,CO,80109,1550,https://www.zillow.com/homedetails/3828-Ute-Mountain-Trl-Castle-Rock-CO-80109/67453362_zpid/
House for rent,"N Meadows Dr, Castle Rock, CO 80109",5000, N Meadows Dr ,Castle Rock,CO,80109,3400,https://www.zillow.com/homedetails/N-Meadows-Dr-Castle-Rock-CO-80109/2084404144_zpid/
House for rent,"4224 Miners Candle Pl, Castle Rock, CO 80109",2450,4224 Miners Candle Pl ,Castle Rock,CO,80109,1652,https://www.zillow.com/homedetails/4224-Miners-Candle-Pl-Castle-Rock-CO-80109/52460697_zpid/
House for rent,"1848 Coach House Loop, Castle Rock, CO 80109",2400,1848 Coach House Loop ,Castle Rock,CO,80109,2500,https://www.zillow.com/homedetails/1848-Coach-House-Loop-Castle-Rock-CO-80109/108401366_zpid/
House for rent,"4834 Sunridge Terrace Dr, Castle Rock, CO 80109",3165,4834 Sunridge Terrace Dr ,Castle Rock,CO,80109,2002,https://www.zillow.com/homedetails/4834-Sunridge-Terrace-Dr-Castle-Rock-CO-80109/13486019_zpid/
House for rent,"1398 Candleglow St, Castle Rock, CO 80109",3345,1398 Candleglow St ,Castle Rock,CO,80109,3287,https://www.zillow.com/homedetails/1398-Candleglow-St-Castle-Rock-CO-80109/95280493_zpid/
House for rent,"4911 N Silverlace Dr, Castle Rock, CO 80109",2695,4911 N Silverlace Dr ,Castle Rock,CO,80109,2530,https://www.zillow.com/homedetails/4911-N-Silverlace-Dr-Castle-Rock-CO-80109/13485172_zpid/
House for rent,"2303 Quartz St, Castle Rock, CO 80109",2195,2303 Quartz St ,Castle Rock,CO,80109,1813,https://www.zillow.com/homedetails/2303-Quartz-St-Castle-Rock-CO-80109/82020252_zpid/
House for rent,"2630 Coach House Loop, Castle Rock, CO 80109",2395,2630 Coach House Loop ,Castle Rock,CO,80109,2299,https://www.zillow.com/homedetails/2630-Coach-House-Loop-Castle-Rock-CO-80109/82021132_zpid/
House for rent,"4605 Campden Ct, Castle Rock, CO 80104",2495,4605 Campden Ct ,Castle Rock,CO,80104,1579,https://www.zillow.com/homedetails/4605-Campden-Ct-Castle-Rock-CO-80104/13493737_zpid/
Condo for rent,"532 Oakwood Dr Apt A207, Castle Rock, CO 80104",1100,532 Oakwood Dr Apt A207,Castle Rock,CO,80104,719,https://www.zillow.com/homedetails/532-Oakwood-Dr-APT-A207-Castle-Rock-CO-80104/55814604_zpid/
Townhouse for rent,"5957 Turnstone Pl, Castle Rock, CO 80104",1985,5957 Turnstone Pl ,Castle Rock,CO,80104,1531,https://www.zillow.com/homedetails/5957-Turnstone-Pl-Castle-Rock-CO-80104/82242438_zpid/
Townhouse for rent,"6011 Turnstone Pl, Castle Rock, CO 80104",2050,6011 Turnstone Pl ,Castle Rock,CO,80104,1464,https://www.zillow.com/homedetails/6011-Turnstone-Pl-Castle-Rock-CO-80104/81769412_zpid/
Townhouse for rent,"5960 Turnstone Pl, Castle Rock, CO 80104",2300,5960 Turnstone Pl ,Castle Rock,CO,80104,1600,https://www.zillow.com/homedetails/5960-Turnstone-Pl-Castle-Rock-CO-80104/67452060_zpid/
Condo for rent,"1898 Oakcrest Cir, Castle Rock, CO 80104",1850,1898 Oakcrest Cir ,Castle Rock,CO,80104,1625,https://www.zillow.com/homedetails/1898-Oakcrest-Cir-Castle-Rock-CO-80104/55815009_zpid/
Townhouse for rent,"6079 Raleigh Cir, Castle Rock, CO 80104",2250,6079 Raleigh Cir ,Castle Rock,CO,80104,2016,https://www.zillow.com/homedetails/6079-Raleigh-Cir-Castle-Rock-CO-80104/67452033_zpid/
Townhouse for rent,"1490 Royal Troon Dr, Castle Rock, CO 80104",2000,1490 Royal Troon Dr ,Castle Rock,CO,80104,1812,https://www.zillow.com/homedetails/1490-Royal-Troon-Dr-Castle-Rock-CO-80104/62810470_zpid/
House for rent,"5603 E Monument Dr, Castle Rock, CO 80104",2325,5603 E Monument Dr ,Castle Rock,CO,80104,1928,https://www.zillow.com/homedetails/5603-E-Monument-Dr-Castle-Rock-CO-80104/13493403_zpid/
Townhouse for rent,"1389 Turnberry Dr, Castle Rock, CO 80104",1900,1389 Turnberry Dr ,Castle Rock,CO,80104,1500,https://www.zillow.com/homedetails/1389-Turnberry-Dr-Castle-Rock-CO-80104/82028171_zpid/
Condo for rent,"532 Oakwood Dr Apt E108, Castle Rock, CO 80104",1375,532 Oakwood Dr Apt E108,Castle Rock,CO,80104,1100,https://www.zillow.com/homedetails/532-Oakwood-Dr-APT-E108-Castle-Rock-CO-80104/55814668_zpid/
House for rent,"6264 Wescroft Ave, Castle Rock, CO 80104",2200,6264 Wescroft Ave ,Castle Rock,CO,80104,1699,https://www.zillow.com/homedetails/6264-Wescroft-Ave-Castle-Rock-CO-80104/82030859_zpid/
Townhouse for rent,"1645 Cherry Hills Ln, Castle Rock, CO 80104",1850,1645 Cherry Hills Ln ,Castle Rock,CO,80104,1547,https://www.zillow.com/homedetails/1645-Cherry-Hills-Ln-Castle-Rock-CO-80104/62810453_zpid/
House for rent,"5504 E Burlington Dr, Castle Rock, CO 80104",2595,5504 E Burlington Dr ,Castle Rock,CO,80104,2527,https://www.zillow.com/homedetails/5504-E-Burlington-Dr-Castle-Rock-CO-80104/13493513_zpid/
House for rent,"4020 Storm Cloud Way, Castle Rock, CO 80104",2300,4020 Storm Cloud Way ,Castle Rock,CO,80104,1888,https://www.zillow.com/homedetails/4020-Storm-Cloud-Way-Castle-Rock-CO-80104/13486331_zpid/
House for rent,"875 S Lindsey St, Castle Rock, CO 80104",2700,875 S Lindsey St ,Castle Rock,CO,80104,4356,https://www.zillow.com/homedetails/875-S-Lindsey-St-Castle-Rock-CO-80104/13495390_zpid/
House for rent,"3391 Scaup Trl, Castle Rock, CO 80104",2395,3391 Scaup Trl ,Castle Rock,CO,80104,2263,https://www.zillow.com/homedetails/3391-Scaup-Trl-Castle-Rock-CO-80104/242033507_zpid/
House for rent,"179 Dover Ct, Castle Pines, CO 80108",3495,179 Dover Ct ,Castle Pines,CO,80108,3125,https://www.zillow.com/homedetails/179-Dover-Ct-Castle-Pines-CO-80108/13482788_zpid/
House for rent,"7425 Shoreham Dr, Castle Pines, CO 80108",3175,7425 Shoreham Dr ,Castle Pines,CO,80108,3063,https://www.zillow.com/homedetails/7425-Shoreham-Dr-Castle-Pines-CO-80108/13482546_zpid/
House for rent,"Esmeralda Dr, Castle Rock, CO 80108",4300, Esmeralda Dr ,Castle Rock,CO,80108,4000,https://www.zillow.com/homedetails/Esmeralda-Dr-Castle-Rock-CO-80108/2078514308_zpid/
House for rent,"Sabino Ln, Castle Rock, CO 80108",2900, Sabino Ln ,Castle Rock,CO,80108,3000,https://www.zillow.com/homedetails/Sabino-Ln-Castle-Rock-CO-80108/2078516118_zpid/
House for rent,"7696 Blue Water Ln, Castle Rock, CO 80108",2700,7696 Blue Water Ln ,Castle Rock,CO,80108,2313,https://www.zillow.com/homedetails/7696-Blue-Water-Ln-Castle-Rock-CO-80108/121674246_zpid/
Townhouse for rent,"4775 Drowsy Water Rd, Castle Rock, CO 80108",2100,4775 Drowsy Water Rd ,Castle Rock,CO,80108,1433,https://www.zillow.com/homedetails/4775-Drowsy-Water-Rd-Castle-Rock-CO-80108/67453793_zpid/
Townhouse for rent,"650 Reid Pl, Castle Rock, CO 80108",2350,650 Reid Pl ,Castle Rock,CO,80108,1760,https://www.zillow.com/homedetails/650-Reid-Pl-Castle-Rock-CO-80108/67453590_zpid/
House for rent,"7135 Othello St, Castle Pines, CO 80108",2650,7135 Othello St ,Castle Pines,CO,80108,2568,https://www.zillow.com/homedetails/7135-Othello-St-Castle-Pines-CO-80108/249985142_zpid/
House for rent,"7360 Rochester Ct, Castle Pines, CO 80108",2600,7360 Rochester Ct ,Castle Pines,CO,80108,3755,https://www.zillow.com/homedetails/7360-Rochester-Ct-Castle-Pines-CO-80108/13482162_zpid/
Townhouse for rent,"7345 Norfolk Pl, Castle Pines, CO 80108",2500,7345 Norfolk Pl ,Castle Pines,CO,80108,2908,https://www.zillow.com/homedetails/7345-Norfolk-Pl-Castle-Pines-CO-80108/13482117_zpid/
House for rent,"6824 Diamond Ridge Pkwy, Castle Rock, CO 80108",5000,6824 Diamond Ridge Pkwy ,Castle Rock,CO,80108,7250,https://www.zillow.com/homedetails/6824-Diamond-Ridge-Pkwy-Castle-Rock-CO-80108/82023591_zpid/
House for rent,"Grady Cir, Castle Rock, CO 80108",2900, Grady Cir ,Castle Rock,CO,80108,2700,https://www.zillow.com/homedetails/Grady-Cir-Castle-Rock-CO-80108/2082521224_zpid/
Townhouse for rent,"7689 S Cove Cir, Centennial, CO 80122",2095,7689 S Cove Cir ,Centennial,CO,80122,1447,https://www.zillow.com/homedetails/7689-S-Cove-Cir-Centennial-CO-80122/13173070_zpid/
House for rent,"8280 S Albion St, Centennial, CO 80122",4000,8280 S Albion St ,Centennial,CO,80122,4139,https://www.zillow.com/homedetails/8280-S-Albion-St-Centennial-CO-80122/13138369_zpid/
House for rent,"2260 E Geddes Ave, Centennial, CO 80122",2100,2260 E Geddes Ave ,Centennial,CO,80122,1345,https://www.zillow.com/homedetails/2260-E-Geddes-Ave-Centennial-CO-80122/13164344_zpid/
Townhouse for rent,"6858 S Broadway, Littleton, CO 80122",1900,6858 S Broadway ,Littleton,CO,80122,1900,https://www.zillow.com/homedetails/6858-S-Broadway-Littleton-CO-80122/13164660_zpid/
Townhouse for rent,"8203 S Fillmore Cir, Centennial, CO 80122",1775,8203 S Fillmore Cir ,Centennial,CO,80122,1064,https://www.zillow.com/homedetails/8203-S-Fillmore-Cir-Centennial-CO-80122/13173845_zpid/
House for rent,"5516 E Hinsdale Cir, Centennial, CO 80122",4500,5516 E Hinsdale Cir ,Centennial,CO,80122,3400,https://www.zillow.com/homedetails/5516-E-Hinsdale-Cir-Centennial-CO-80122/13137746_zpid/
Condo for rent,"2190 E Geddes Ave Apt F, Centennial, CO 80122",1695,2190 E Geddes Ave Apt F,Centennial,CO,80122,1345,https://www.zillow.com/homedetails/2190-E-Geddes-Ave-APT-F-Centennial-CO-80122/13164361_zpid/
House for rent,"7526 S Detroit St, Centennial, CO 80122",2900,7526 S Detroit St ,Centennial,CO,80122,2350,https://www.zillow.com/homedetails/7526-S-Detroit-St-Centennial-CO-80122/13172861_zpid/
House for rent,"620 E Fremont Pl, Centennial, CO 80122",3000,620 E Fremont Pl ,Centennial,CO,80122,2200,https://www.zillow.com/homedetails/620-E-Fremont-Pl-Centennial-CO-80122/247460582_zpid/
Townhouse for rent,"700 E Hinsdale Ave, Littleton, CO 80122",2750,700 E Hinsdale Ave ,Littleton,CO,80122,1832,https://www.zillow.com/homedetails/700-E-Hinsdale-Ave-Littleton-CO-80122/181315168_zpid/
House for rent,"6916 S Cook Way, Centennial, CO 80122",2500,6916 S Cook Way ,Centennial,CO,80122,1832,https://www.zillow.com/homedetails/6916-S-Cook-Way-Centennial-CO-80122/13161099_zpid/
House for rent,"1372 E Dry Creek Pl, Centennial, CO 80122",2850,1372 E Dry Creek Pl ,Centennial,CO,80122,2462,https://www.zillow.com/homedetails/1372-E-Dry-Creek-Pl-Centennial-CO-80122/13171193_zpid/
House for rent,"7054 S Elm St, Centennial, CO 80122",2750,7054 S Elm St ,Centennial,CO,80122,2600,https://www.zillow.com/homedetails/7054-S-Elm-St-Centennial-CO-80122/13136075_zpid/
House for rent,"7646 S Grape Way, Centennial, CO 80122",3250,7646 S Grape Way ,Centennial,CO,80122,4300,https://www.zillow.com/homedetails/7646-S-Grape-Way-Centennial-CO-80122/13138175_zpid/
Condo for rent,"100 E Highline Cir Unit 107, Centennial, CO 80122",1200,100 E Highline Cir Unit 107,Centennial,CO,80122,720,https://www.zillow.com/homedetails/100-E-Highline-Cir-UNIT-107-Centennial-CO-80122/13164696_zpid/
Townhouse for rent,"E Highline Cir, Centennial, CO 80122",1695, E Highline Cir ,Centennial,CO,80122,1450,https://www.zillow.com/homedetails/E-Highline-Cir-Centennial-CO-80122/2090480871_zpid/
House for rent,"910 E Briarwood Cir N, Centennial, CO 80122",2600,910 E Briarwood Cir N ,Centennial,CO,80122,1300,https://www.zillow.com/homedetails/910-E-Briarwood-Cir-N-Centennial-CO-80122/13163198_zpid/
House for rent,"7507 S Steele St, Centennial, CO 80122",1695,7507 S Steele St ,Centennial,CO,80122,1100,https://www.zillow.com/homedetails/7507-S-Steele-St-Centennial-CO-80122/13172572_zpid/
House for rent,"6741 S Dahlia Ct, Centennial, CO 80122",2500,6741 S Dahlia Ct ,Centennial,CO,80122,2007,https://www.zillow.com/homedetails/6741-S-Dahlia-Ct-Centennial-CO-80122/13135924_zpid/
Townhouse for rent,"2682 E Easter Ave, Centennial, CO 80122",1850,2682 E Easter Ave ,Centennial,CO,80122,1334,https://www.zillow.com/homedetails/2682-E-Easter-Ave-Centennial-CO-80122/13161635_zpid/
House for rent,"8189 S Akron Ct, Centennial, CO 80112",3200,8189 S Akron Ct ,Centennial,CO,80112,1792,https://www.zillow.com/homedetails/8189-S-Akron-Ct-Centennial-CO-80112/119309755_zpid/
House for rent,"7024 S Spruce Dr E, Centennial, CO 80112",2700,7024 S Spruce Dr E ,Centennial,CO,80112,1750,https://www.zillow.com/homedetails/7024-S-Spruce-Dr-E-Centennial-CO-80112/13133145_zpid/
House for rent,"15832 E Broncos Pkwy, Englewood, CO 80112",2850,15832 E Broncos Pkwy ,Englewood,CO,80112,1850,https://www.zillow.com/homedetails/15832-E-Broncos-Pkwy-Englewood-CO-80112/2078360729_zpid/
Townhouse for rent,"6741 S Kearney Ct, Centennial, CO 80112",1000,6741 S Kearney Ct ,Centennial,CO,80112,475,https://www.zillow.com/homedetails/6741-S-Kearney-Ct-Centennial-CO-80112/13134957_zpid/
Condo for rent,"7440 S Blackhawk St # 101, Englewood, CO 80112",1550,7440 S Blackhawk St # 101,Englewood,CO,80112,1170,https://www.zillow.com/homedetails/7440-S-Blackhawk-St-101-Englewood-CO-80112/2078385487_zpid/
House for rent,"6963 E Geddes Pl, Centennial, CO 80112",3500,6963 E Geddes Pl ,Centennial,CO,80112,2762,https://www.zillow.com/homedetails/6963-E-Geddes-Pl-Centennial-CO-80112/13135608_zpid/
House for rent,"6878 S Ulster Cir, Centennial, CO 80112",2100,6878 S Ulster Cir ,Centennial,CO,80112,2200,https://www.zillow.com/homedetails/6878-S-Ulster-Cir-Centennial-CO-80112/13132643_zpid/
House for rent,"6757 E Phillips Pl, Centennial, CO 80112",2995,6757 E Phillips Pl ,Centennial,CO,80112,2736,https://www.zillow.com/homedetails/6757-E-Phillips-Pl-Centennial-CO-80112/99655532_zpid/
Townhouse for rent,"7811 S Kalispell Cir, Englewood, CO 80112",1900,7811 S Kalispell Cir ,Englewood,CO,80112,1400,https://www.zillow.com/homedetails/7811-S-Kalispell-Cir-Englewood-CO-80112/58769986_zpid/
Condo for rent,"7200 S Blackhawk St Unit 201, Englewood, CO 80112",1850,7200 S Blackhawk St Unit 201,Englewood,CO,80112,1800,https://www.zillow.com/homedetails/7200-S-Blackhawk-St-UNIT-201-Englewood-CO-80112/89168299_zpid/
Townhouse for rent,"8985 E Nichols Pl, Centennial, CO 80112",2499,8985 E Nichols Pl ,Centennial,CO,80112,1577,https://www.zillow.com/homedetails/8985-E-Nichols-Pl-Centennial-CO-80112/98345283_zpid/
House for rent,"8079 S Quince Cir, Centennial, CO 80112",2395,8079 S Quince Cir ,Centennial,CO,80112,1900,https://www.zillow.com/homedetails/8079-S-Quince-Cir-Centennial-CO-80112/13141465_zpid/
Townhouse for rent,"7772 S Kittredge Ct, Englewood, CO 80112",1875,7772 S Kittredge Ct ,Englewood,CO,80112,1240,https://www.zillow.com/homedetails/7772-S-Kittredge-Ct-Englewood-CO-80112/58769992_zpid/
House for rent,"7445 S Ivy Way, Centennial, CO 80112",2400,7445 S Ivy Way ,Centennial,CO,80112,1749,https://www.zillow.com/homedetails/7445-S-Ivy-Way-Centennial-CO-80112/13135270_zpid/
House for rent,"7644 S Rosemary Cir, Centennial, CO 80112",2750,7644 S Rosemary Cir ,Centennial,CO,80112,2237,https://www.zillow.com/homedetails/7644-S-Rosemary-Cir-Centennial-CO-80112/13140781_zpid/
House for rent,"8406 E Hinsdale Dr, Centennial, CO 80112",3475,8406 E Hinsdale Dr ,Centennial,CO,80112,3500,https://www.zillow.com/homedetails/8406-E-Hinsdale-Dr-Centennial-CO-80112/13133975_zpid/
House for rent,"7133 S Poplar St, Centennial, CO 80112",2500,7133 S Poplar St ,Centennial,CO,80112,2324,https://www.zillow.com/homedetails/7133-S-Poplar-St-Centennial-CO-80112/13135793_zpid/
House for rent,"7582 S Rosemary Cir, Centennial, CO 80112",2600,7582 S Rosemary Cir ,Centennial,CO,80112,2890,https://www.zillow.com/homedetails/7582-S-Rosemary-Cir-Centennial-CO-80112/13140812_zpid/
House for rent,"7254 S Tamarac St, Centennial, CO 80112",2450,7254 S Tamarac St ,Centennial,CO,80112,1850,https://www.zillow.com/homedetails/7254-S-Tamarac-St-Centennial-CO-80112/13133737_zpid/
Condo for rent,"7440 S Blackhawk St Unit 10104, Englewood, CO 80112",2450,7440 S Blackhawk St Unit 10104,Englewood,CO,80112,1056,https://www.zillow.com/homedetails/7440-S-Blackhawk-St-UNIT-10104-Englewood-CO-80112/61208139_zpid/
Condo for rent,"15700 E Jamison Dr Unit 1304, Englewood, CO 80112",1600,15700 E Jamison Dr Unit 1304,Englewood,CO,80112,1037,https://www.zillow.com/homedetails/15700-E-Jamison-Dr-UNIT-1304-Englewood-CO-80112/64537078_zpid/
Condo for rent,"7820 Inverness Blvd Unit 409, Englewood, CO 80112",2200,7820 Inverness Blvd Unit 409,Englewood,CO,80112,1523,https://www.zillow.com/homedetails/7820-Inverness-Blvd-UNIT-409-Englewood-CO-80112/81884807_zpid/
Condo for rent,"7440 S Blackhawk St Unit 12204, Centennial, CO 80112",1595,7440 S Blackhawk St Unit 12204,Centennial,CO,80112,1056,https://www.zillow.com/homedetails/7440-S-Blackhawk-St-UNIT-12204-Centennial-CO-80112/2110318688_zpid/
Townhouse for rent,"7949 S Kittredge Way, Englewood, CO 80112",2000,7949 S Kittredge Way ,Englewood,CO,80112,1400,https://www.zillow.com/homedetails/7949-S-Kittredge-Way-Englewood-CO-80112/58884678_zpid/
Townhouse for rent,"8204 S Trails Edge Ct, Centennial, CO 80112",2500,8204 S Trails Edge Ct ,Centennial,CO,80112,1800,https://www.zillow.com/homedetails/8204-S-Trails-Edge-Ct-Centennial-CO-80112/295022292_zpid/
Townhouse for rent,"7839 Inverness Blvd, Englewood, CO 80112",2950,7839 Inverness Blvd ,Englewood,CO,80112,1896,https://www.zillow.com/homedetails/7839-Inverness-Blvd-Englewood-CO-80112/119114113_zpid/
House for rent,"16473 E Otero Pl, Englewood, CO 80112",2895,16473 E Otero Pl ,Englewood,CO,80112,3225,https://www.zillow.com/homedetails/16473-E-Otero-Pl-Englewood-CO-80112/58885032_zpid/
Townhouse for rent,"7717 S Monaco Cir E, Centennial, CO 80112",1895,7717 S Monaco Cir E ,Centennial,CO,80112,1615,https://www.zillow.com/homedetails/7717-S-Monaco-Cir-E-Centennial-CO-80112/13139186_zpid/
House for rent,"8278 S Reed Way, Littleton, CO 80128",2700,8278 S Reed Way ,Littleton,CO,80128,1886,https://www.zillow.com/homedetails/8278-S-Reed-Way-Littleton-CO-80128/13836104_zpid/
House for rent,"7907 S Depew St, Littleton, CO 80128",2395,7907 S Depew St ,Littleton,CO,80128,1884,https://www.zillow.com/homedetails/7907-S-Depew-St-Littleton-CO-80128/13837385_zpid/
Townhouse for rent,"9611 W Coco Cir Unit 303, Littleton, CO 80128",1795,9611 W Coco Cir Unit 303,Littleton,CO,80128,1134,https://www.zillow.com/homedetails/9611-W-Coco-Cir-UNIT-303-Littleton-CO-80128/54890597_zpid/
House for rent,"7474 S Depew St, Littleton, CO 80128",2295,7474 S Depew St ,Littleton,CO,80128,1850,https://www.zillow.com/homedetails/7474-S-Depew-St-Littleton-CO-80128/13824334_zpid/
Townhouse for rent,"9644 W Chatfield Ave Unit C, Littleton, CO 80128",1680,9644 W Chatfield Ave Unit C,Littleton,CO,80128,1200,https://www.zillow.com/homedetails/9644-W-Chatfield-Ave-UNIT-C-Littleton-CO-80128/13834196_zpid/
House for rent,"9793 W Hinsdale Ln, Littleton, CO 80128",2300,9793 W Hinsdale Ln ,Littleton,CO,80128,2140,https://www.zillow.com/homedetails/9793-W-Hinsdale-Ln-Littleton-CO-80128/108378737_zpid/
House for rent,"8133 S Everett St, Littleton, CO 80128",2200,8133 S Everett St ,Littleton,CO,80128,1294,https://www.zillow.com/homedetails/8133-S-Everett-St-Littleton-CO-80128/13834574_zpid/
Townhouse for rent,"9681 W Chatfield Ave Unit D, Littleton, CO 80128",1895,9681 W Chatfield Ave Unit D,Littleton,CO,80128,1300,https://www.zillow.com/homedetails/9681-W-Chatfield-Ave-UNIT-D-Littleton-CO-80128/130533723_zpid/
Condo for rent,"8412 S Holland Ct Unit 308, Littleton, CO 80128",1495,8412 S Holland Ct Unit 308,Littleton,CO,80128,1131,https://www.zillow.com/homedetails/8412-S-Holland-Ct-UNIT-308-Littleton-CO-80128/58767563_zpid/
House for rent,"7060 S Polo Ridge Dr, Littleton, CO 80128",4000,7060 S Polo Ridge Dr ,Littleton,CO,80128,2205,https://www.zillow.com/homedetails/7060-S-Polo-Ridge-Dr-Littleton-CO-80128/99623667_zpid/
Townhouse for rent,"9244 W Coco Pl, Littleton, CO 80128",2275,9244 W Coco Pl ,Littleton,CO,80128,1768,https://www.zillow.com/homedetails/9244-W-Coco-Pl-Littleton-CO-80128/51408569_zpid/
House for rent,"8348 S Allison St, Littleton, CO 80128",1899,8348 S Allison St ,Littleton,CO,80128,1500,https://www.zillow.com/homedetails/8348-S-Allison-St-Littleton-CO-80128/13842970_zpid/
Condo for rent,"8367 S Reed St # A-4, Littleton, CO 80128",1800,8367 S Reed St # A-4,Littleton,CO,80128,1638,https://www.zillow.com/homedetails/8367-S-Reed-St-A-4-Littleton-CO-80128/63367001_zpid/
Townhouse for rent,"6810 S Holland Way, Littleton, CO 80128",1850,6810 S Holland Way ,Littleton,CO,80128,1600,https://www.zillow.com/homedetails/6810-S-Holland-Way-Littleton-CO-80128/13827015_zpid/
House for rent,"8406 S Upham Way, Littleton, CO 80128",2200,8406 S Upham Way ,Littleton,CO,80128,1698,https://www.zillow.com/homedetails/8406-S-Upham-Way-Littleton-CO-80128/13842449_zpid/
House for rent,"8896 W Roxbury Dr, Littleton, CO 80128",2695,8896 W Roxbury Dr ,Littleton,CO,80128,1750,https://www.zillow.com/homedetails/8896-W-Roxbury-Dr-Littleton-CO-80128/13827808_zpid/
Condo for rent,"2852 W Centennial Dr Unit A, Littleton, CO 80123",1750,2852 W Centennial Dr Unit A,Littleton,CO,80123,1140,https://www.zillow.com/homedetails/2852-W-Centennial-Dr-UNIT-A-Littleton-CO-80123/13152673_zpid/
House for rent,"4952 S Iris St, Denver, CO 80123",2200,4952 S Iris St ,Denver,CO,80123,1402,https://www.zillow.com/homedetails/4952-S-Iris-St-Denver-CO-80123/13431467_zpid/
Townhouse for rent,"5745 S Lowell Blvd # 5745, Littleton, CO 80123",1950,5745 S Lowell Blvd # 5745,Littleton,CO,80123,1524,https://www.zillow.com/homedetails/5745-S-Lowell-Blvd-5745-Littleton-CO-80123/2078368791_zpid/
House for rent,"4866 S Field Way, Denver, CO 80123",2495,4866 S Field Way ,Denver,CO,80123,1610,https://www.zillow.com/homedetails/4866-S-Field-Way-Denver-CO-80123/13431579_zpid/
House for rent,"8661 W Brittany Dr, Littleton, CO 80123",2500,8661 W Brittany Dr ,Littleton,CO,80123,1934,https://www.zillow.com/homedetails/8661-W-Brittany-Dr-Littleton-CO-80123/13819586_zpid/
Townhouse for rent,"W Ponds Cir, Littleton, CO 80123",1850, W Ponds Cir ,Littleton,CO,80123,1900,https://www.zillow.com/homedetails/W-Ponds-Cir-Littleton-CO-80123/2103449373_zpid/
House for rent,"5400 Beach Rd, Bow Mar, CO 80123",5000,5400 Beach Rd ,Bow Mar,CO,80123,4500,https://www.zillow.com/homedetails/5400-Beach-Rd-Bow-Mar-CO-80123/2113167219_zpid/
Townhouse for rent,"5589 S Lowell Blvd, Littleton, CO 80123",1950,5589 S Lowell Blvd ,Littleton,CO,80123,1600,https://www.zillow.com/homedetails/5589-S-Lowell-Blvd-Littleton-CO-80123/13154207_zpid/
House for rent,"7656 W Walker Dr, Littleton, CO 80123",2775,7656 W Walker Dr ,Littleton,CO,80123,2184,https://www.zillow.com/homedetails/7656-W-Walker-Dr-Littleton-CO-80123/13821939_zpid/
House for rent,"6700 W Dorado Dr, Littleton, CO 80123",3250,6700 W Dorado Dr ,Littleton,CO,80123,3500,https://www.zillow.com/homedetails/6700-W-Dorado-Dr-Littleton-CO-80123/2080640910_zpid/
House for rent,"1515 S Chase Ct, Lakewood, CO 80232",2495,1515 S Chase Ct ,Lakewood,CO,80232,2080,https://www.zillow.com/homedetails/1515-S-Chase-Ct-Lakewood-CO-80232/13786974_zpid/
House for rent,"11156 W Wisconsin Ave, Lakewood, CO 80232",2200,11156 W Wisconsin Ave ,Lakewood,CO,80232,816,https://www.zillow.com/homedetails/11156-W-Wisconsin-Ave-Lakewood-CO-80232/13780447_zpid/
Townhouse for rent,"7373 W Florida Ave Apt 2c, Lakewood, CO 80232",1450,7373 W Florida Ave Apt 2C,Lakewood,CO,80232,840,https://www.zillow.com/homedetails/7373-W-Florida-Ave-APT-2C-Lakewood-CO-80232/13783694_zpid/
House for rent,"W Mexico Dr, Lakewood, CO 80232",2550, W Mexico Dr ,Lakewood,CO,80232,2500,https://www.zillow.com/homedetails/W-Mexico-Dr-Lakewood-CO-80232/2078362197_zpid/
Townhouse for rent,"6975 W Louisiana Ave, Lakewood, CO 80232",2195,6975 W Louisiana Ave ,Lakewood,CO,80232,2700,https://www.zillow.com/homedetails/6975-W-Louisiana-Ave-Lakewood-CO-80232/2100649446_zpid/
House for rent,"1830 S Wadsworth Blvd, Lakewood, CO 80232",3095,1830 S Wadsworth Blvd ,Lakewood,CO,80232,2190,https://www.zillow.com/homedetails/1830-S-Wadsworth-Blvd-Lakewood-CO-80232/13785055_zpid/
House for rent,"1469 S Carr St, Lakewood, CO 80232",2220,1469 S Carr St ,Lakewood,CO,80232,1300,https://www.zillow.com/homedetails/1469-S-Carr-St-Lakewood-CO-80232/13782108_zpid/
Townhouse for rent,"312 Wright St Apt 103, Lakewood, CO 80228",1745,312 Wright St Apt 103,Lakewood,CO,80228,1500,https://www.zillow.com/homedetails/312-Wright-St-APT-103-Lakewood-CO-80228/13766046_zpid/
House for rent,"12294 W Tennessee Ave, Lakewood, CO 80228",2450,12294 W Tennessee Ave ,Lakewood,CO,80228,2439,https://www.zillow.com/homedetails/12294-W-Tennessee-Ave-Lakewood-CO-80228/13776847_zpid/
Condo for rent,"12356 W Nevada Pl Apt 304, Lakewood, CO 80228",1800,12356 W Nevada Pl Apt 304,Lakewood,CO,80228,1161,https://www.zillow.com/homedetails/12356-W-Nevada-Pl-APT-304-Lakewood-CO-80228/13776805_zpid/
Townhouse for rent,"1631 S Deframe St Unit B5, Lakewood, CO 80228",1850,1631 S Deframe St Unit B5,Lakewood,CO,80228,1187,https://www.zillow.com/homedetails/1631-S-Deframe-St-UNIT-B5-Lakewood-CO-80228/54889903_zpid/
House for rent,"12189 W Alabama Pl, Lakewood, CO 80228",2050,12189 W Alabama Pl ,Lakewood,CO,80228,2000,https://www.zillow.com/homedetails/12189-W-Alabama-Pl-Lakewood-CO-80228/13778572_zpid/
House for rent,"2012 S Yank Way, Lakewood, CO 80228",2795,2012 S Yank Way ,Lakewood,CO,80228,2084,https://www.zillow.com/homedetails/2012-S-Yank-Way-Lakewood-CO-80228/13792559_zpid/
Condo for rent,"333 Wright St Apt 6-305, Denver, CO 80228",1600,333 Wright St Apt 6-305,Denver,CO,80228,1170,https://www.zillow.com/homedetails/333-Wright-St-APT-6-305-Denver-CO-80228/2078523726_zpid/
House for rent,"1974 S Wright St, Lakewood, CO 80228",2250,1974 S Wright St ,Lakewood,CO,80228,1477,https://www.zillow.com/homedetails/1974-S-Wright-St-Lakewood-CO-80228/13792167_zpid/
House for rent,"2243 S Yank Way, Lakewood, CO 80228",2600,2243 S Yank Way ,Lakewood,CO,80228,3066,https://www.zillow.com/homedetails/2243-S-Yank-Way-Lakewood-CO-80228/13792674_zpid/
Townhouse for rent,"437 Wright St Apt 31, Lakewood, CO 80228",2400,437 Wright St Apt 31,Lakewood,CO,80228,2000,https://www.zillow.com/homedetails/437-Wright-St-APT-31-Lakewood-CO-80228/13765315_zpid/
Condo for rent,"214 S Ingalls St Apt 2, Lakewood, CO 80226",1275,214 S Ingalls St Apt 2,Lakewood,CO,80226,780,https://www.zillow.com/homedetails/214-S-Ingalls-St-APT-2-Lakewood-CO-80226/13769682_zpid/
Townhouse for rent,"516 S Vance Ct, Lakewood, CO 80226",2495,516 S Vance Ct ,Lakewood,CO,80226,2265,https://www.zillow.com/homedetails/516-S-Vance-Ct-Lakewood-CO-80226/13845559_zpid/
House for rent,"10973 W Exposition Pl, Lakewood, CO 80226",1795,10973 W Exposition Pl ,Lakewood,CO,80226,1508,https://www.zillow.com/homedetails/10973-W-Exposition-Pl-Lakewood-CO-80226/13774277_zpid/
Townhouse for rent,"417 S Balsam St, Lakewood, CO 80226",1625,417 S Balsam St ,Lakewood,CO,80226,1248,https://www.zillow.com/homedetails/417-S-Balsam-St-Lakewood-CO-80226/13771670_zpid/
Townhouse for rent,"5645 W 5th Ave, Lakewood, CO 80226",1840,5645 W 5th Ave ,Lakewood,CO,80226,1200,https://www.zillow.com/homedetails/5645-W-5th-Ave-Lakewood-CO-80226/13769053_zpid/
House for rent,"5820 W 3rd Pl, Lakewood, CO 80226",2500,5820 W 3rd Pl ,Lakewood,CO,80226,2550,https://www.zillow.com/homedetails/5820-W-3rd-Pl-Lakewood-CO-80226/13769123_zpid/
House for rent,"172 S Cody St, Denver, CO 80226",2500,172 S Cody St ,Denver,CO,80226,1750,https://www.zillow.com/homedetails/172-S-Cody-St-Denver-CO-80226/2078456576_zpid/
House for rent,"6192 W Bayaud Ave, Denver, CO 80226",2495,6192 W Bayaud Ave ,Denver,CO,80226,1600,https://www.zillow.com/homedetails/6192-W-Bayaud-Ave-Denver-CO-80226/2078463615_zpid/
Condo for rent,"836 S Vance St, Lakewood, CO 80226",1395,836 S Vance St ,Lakewood,CO,80226,740,https://www.zillow.com/homedetails/836-S-Vance-St-Lakewood-CO-80226/13772023_zpid/
House for rent,"8005 W Ford Dr, Lakewood, CO 80226",3095,8005 W Ford Dr ,Lakewood,CO,80226,3182,https://www.zillow.com/homedetails/8005-W-Ford-Dr-Lakewood-CO-80226/54889814_zpid/
House for rent,"11175 W Ohio Dr, Lakewood, CO 80226",2200,11175 W Ohio Dr ,Lakewood,CO,80226,1872,https://www.zillow.com/homedetails/11175-W-Ohio-Dr-Lakewood-CO-80226/13774443_zpid/
House for rent,"520 S Otis St, Lakewood, CO 80226",2100,520 S Otis St ,Lakewood,CO,80226,1294,https://www.zillow.com/homedetails/520-S-Otis-St-Lakewood-CO-80226/13771030_zpid/
Townhouse for rent,"486 S Saulsbury St, Lakewood, CO 80226",3000,486 S Saulsbury St ,Lakewood,CO,80226,2100,https://www.zillow.com/homedetails/486-S-Saulsbury-St-Lakewood-CO-80226/68061227_zpid/
Townhouse for rent,"384 Depew St # 384, Denver, CO 80226",1575,384 Depew St # 384,Denver,CO,80226,,https://www.zillow.com/homedetails/384-Depew-St-384-Denver-CO-80226/2078791106_zpid/
House for rent,"911 S Yukon St, Lakewood, CO 80226",1950,911 S Yukon St ,Lakewood,CO,80226,1700,https://www.zillow.com/homedetails/911-S-Yukon-St-Lakewood-CO-80226/2093535154_zpid/
House for rent,"589 Depew Ct, Lakewood, CO 80226",2250,589 Depew Ct ,Lakewood,CO,80226,1395,https://www.zillow.com/homedetails/589-Depew-Ct-Lakewood-CO-80226/2107732300_zpid/
House for rent,"Dudley St, Lakewood, CO 80226",1800, Dudley St ,Lakewood,CO,80226,1120,https://www.zillow.com/homedetails/Dudley-St-Lakewood-CO-80226/2084319180_zpid/
Townhouse for rent,"1649 S Ivory Cir Unit D, Aurora, CO 80017",2150,1649 S Ivory Cir Unit D,Aurora,CO,80017,2000,https://www.zillow.com/homedetails/1649-S-Ivory-Cir-UNIT-D-Aurora-CO-80017/13071600_zpid/
House for rent,"1647 S Norfolk St, Aurora, CO 80017",1875,1647 S Norfolk St ,Aurora,CO,80017,1022,https://www.zillow.com/homedetails/1647-S-Norfolk-St-Aurora-CO-80017/13072330_zpid/
House for rent,"15361 E Arkansas Pl, Aurora, CO 80017",2500,15361 E Arkansas Pl ,Aurora,CO,80017,1823,https://www.zillow.com/homedetails/15361-E-Arkansas-Pl-Aurora-CO-80017/13070549_zpid/
Condo for rent,"18301 E Kepner Pl Unit 205, Aurora, CO 80017",1100,18301 E Kepner Pl Unit 205,Aurora,CO,80017,734,https://www.zillow.com/homedetails/18301-E-Kepner-Pl-UNIT-205-Aurora-CO-80017/181164304_zpid/
House for rent,"1500 S Lewiston St, Aurora, CO 80017",2350,1500 S Lewiston St ,Aurora,CO,80017,1730,https://www.zillow.com/homedetails/1500-S-Lewiston-St-Aurora-CO-80017/13072162_zpid/
House for rent,"15381 E Arkansas Pl, Aurora, CO 80017",2031,15381 E Arkansas Pl ,Aurora,CO,80017,1296,https://www.zillow.com/homedetails/15381-E-Arkansas-Pl-Aurora-CO-80017/13070547_zpid/
House for rent,"907 S Ventura St, Aurora, CO 80017",1900,907 S Ventura St ,Aurora,CO,80017,2000,https://www.zillow.com/homedetails/907-S-Ventura-St-Aurora-CO-80017/13064066_zpid/
House for rent,"17880 E Louisiana Ave, Aurora, CO 80017",2229,17880 E Louisiana Ave ,Aurora,CO,80017,1730,https://www.zillow.com/homedetails/17880-E-Louisiana-Ave-Aurora-CO-80017/13072544_zpid/
House for rent,"17039 E Florida Pl, Aurora, CO 80017",2200,17039 E Florida Pl ,Aurora,CO,80017,1240,https://www.zillow.com/homedetails/17039-E-Florida-Pl-Aurora-CO-80017/13073434_zpid/
Condo for rent,"983 S Pitkin Ct, Aurora, CO 80017",1199,983 S Pitkin Ct ,Aurora,CO,80017,908,https://www.zillow.com/homedetails/983-S-Pitkin-Ct-Aurora-CO-80017/13063553_zpid/
House for rent,"1850 S Ouray St, Aurora, CO 80017",2300,1850 S Ouray St ,Aurora,CO,80017,1132,https://www.zillow.com/homedetails/1850-S-Ouray-St-Aurora-CO-80017/13071929_zpid/
House for rent,"18934 E Oregon Dr, Aurora, CO 80017",2000,18934 E Oregon Dr ,Aurora,CO,80017,1464,https://www.zillow.com/homedetails/18934-E-Oregon-Dr-Aurora-CO-80017/13075710_zpid/
Townhouse for rent,"1201 S Richfield St, Aurora, CO 80017",1995,1201 S Richfield St ,Aurora,CO,80017,1687,https://www.zillow.com/homedetails/1201-S-Richfield-St-Aurora-CO-80017/87626170_zpid/
Condo for rent,"15300 E Arizona Ave, Aurora, CO 80017",4500,15300 E Arizona Ave ,Aurora,CO,80017,1500,https://www.zillow.com/homedetails/15300-E-Arizona-Ave-Aurora-CO-80017/295028275_zpid/
House for rent,"1113 S Lewiston St, Aurora, CO 80017",2050,1113 S Lewiston St ,Aurora,CO,80017,1028,https://www.zillow.com/homedetails/1113-S-Lewiston-St-Aurora-CO-80017/13070198_zpid/
House for rent,"16793 E Virginia Ave, Aurora, CO 80017",2595,16793 E Virginia Ave ,Aurora,CO,80017,2700,https://www.zillow.com/homedetails/16793-E-Virginia-Ave-Aurora-CO-80017/295030637_zpid/
House for rent,"15234 E Florida Ave, Aurora, CO 80012",2150,15234 E Florida Ave ,Aurora,CO,80012,2269,https://www.zillow.com/homedetails/15234-E-Florida-Ave-Aurora-CO-80012/13069940_zpid/
Townhouse for rent,"12402 E Kansas Pl, Aurora, CO 80012",1650,12402 E Kansas Pl ,Aurora,CO,80012,858,https://www.zillow.com/homedetails/12402-E-Kansas-Pl-Aurora-CO-80012/13048957_zpid/
House for rent,"186 S Fraser Ct, Aurora, CO 80012",2295,186 S Fraser Ct ,Aurora,CO,80012,1582,https://www.zillow.com/homedetails/186-S-Fraser-Ct-Aurora-CO-80012/58889126_zpid/
House for rent,"11269 E Center Ave, Aurora, CO 80012",2245,11269 E Center Ave ,Aurora,CO,80012,1730,https://www.zillow.com/homedetails/11269-E-Center-Ave-Aurora-CO-80012/13043093_zpid/
Townhouse for rent,"1713 S Blackhawk Way Apt E, Aurora, CO 80012",1550,1713 S Blackhawk Way Apt E,Aurora,CO,80012,1100,https://www.zillow.com/homedetails/1713-S-Blackhawk-Way-APT-E-Aurora-CO-80012/2078419604_zpid/
Townhouse for rent,"14472 E Mississippi Ave Unit D, Aurora, CO 80012",1795,14472 E Mississippi Ave Unit D,Aurora,CO,80012,1470,https://www.zillow.com/homedetails/14472-E-Mississippi-Ave-UNIT-D-Aurora-CO-80012/13068112_zpid/
House for rent,"11919 E Arizona Ave, Aurora, CO 80012",2195,11919 E Arizona Ave ,Aurora,CO,80012,2400,https://www.zillow.com/homedetails/11919-E-Arizona-Ave-Aurora-CO-80012/13047122_zpid/
Townhouse for rent,"11858 E Kepner Dr, Aurora, CO 80012",1850,11858 E Kepner Dr ,Aurora,CO,80012,1100,https://www.zillow.com/homedetails/11858-E-Kepner-Dr-Aurora-CO-80012/13044304_zpid/
Townhouse for rent,"10546 E Jewell Ave # 30, Aurora, CO 80012",1850,10546 E Jewell Ave # 30,Aurora,CO,80012,1490,https://www.zillow.com/homedetails/10546-E-Jewell-Ave-30-Aurora-CO-80012/125963453_zpid/
Townhouse for rent,"12278 E Kansas Pl, Aurora, CO 80012",2150,12278 E Kansas Pl ,Aurora,CO,80012,1450,https://www.zillow.com/homedetails/12278-E-Kansas-Pl-Aurora-CO-80012/87622208_zpid/
House for rent,"12265 E Kentucky Ave, Aurora, CO 80012",2295,12265 E Kentucky Ave ,Aurora,CO,80012,2016,https://www.zillow.com/homedetails/12265-E-Kentucky-Ave-Aurora-CO-80012/13041716_zpid/
Townhouse for rent,"916 S Iola St, Aurora, CO 80012",1295,916 S Iola St ,Aurora,CO,80012,1024,https://www.zillow.com/homedetails/916-S-Iola-St-Aurora-CO-80012/13043465_zpid/
House for rent,"327 S Nome St, Aurora, CO 80012",2425,327 S Nome St ,Aurora,CO,80012,1920,https://www.zillow.com/homedetails/327-S-Nome-St-Aurora-CO-80012/13042477_zpid/
Condo for rent,"14301 E Tennessee Ave, Aurora, CO 80012",1645,14301 E Tennessee Ave ,Aurora,CO,80012,1193,https://www.zillow.com/homedetails/14301-E-Tennessee-Ave-Aurora-CO-80012/2079572901_zpid/
Condo for rent,"6840 E Mississippi Ave Apt D, Denver, CO 80224",2000,6840 E Mississippi Ave Apt D,Denver,CO,80224,1500,https://www.zillow.com/homedetails/6840-E-Mississippi-Ave-APT-D-Denver-CO-80224/13407623_zpid/
House for rent,"1875 S Linden Way, Denver, CO 80224",2295,1875 S Linden Way ,Denver,CO,80224,2526,https://www.zillow.com/homedetails/1875-S-Linden-Way-Denver-CO-80224/13408808_zpid/
House for rent,"416 S Ivy St, Denver, CO 80224",2300,416 S Ivy St ,Denver,CO,80224,2100,https://www.zillow.com/homedetails/416-S-Ivy-St-Denver-CO-80224/13403323_zpid/
House for rent,"1347 S Oneida St, Denver, CO 80224",2800,1347 S Oneida St ,Denver,CO,80224,2100,https://www.zillow.com/homedetails/1347-S-Oneida-St-Denver-CO-80224/13407141_zpid/
Townhouse for rent,"920 S Locust St Unit D, Denver, CO 80224",1950,920 S Locust St Unit D,Denver,CO,80224,1207,https://www.zillow.com/homedetails/920-S-Locust-St-UNIT-D-Denver-CO-80224/72298296_zpid/
Condo for rent,"6980 E Girard Ave Apt 303, Denver, CO 80224",1840,6980 E Girard Ave Apt 303,Denver,CO,80224,1320,https://www.zillow.com/homedetails/6980-E-Girard-Ave-APT-303-Denver-CO-80224/13417083_zpid/
Condo for rent,"155 S Monaco Pkwy # 304, Denver, CO 80224",2150,155 S Monaco Pkwy # 304,Denver,CO,80224,1150,https://www.zillow.com/homedetails/155-S-Monaco-Pkwy-304-Denver-CO-80224/2086749043_zpid/
House for rent,"1295 S Ivy Way, Denver, CO 80224",2095,1295 S Ivy Way ,Denver,CO,80224,1600,https://www.zillow.com/homedetails/1295-S-Ivy-Way-Denver-CO-80224/13408214_zpid/
House for rent,"1565 S Monaco Pkwy, Denver, CO 80224",2900,1565 S Monaco Pkwy ,Denver,CO,80224,2684,https://www.zillow.com/homedetails/1565-S-Monaco-Pkwy-Denver-CO-80224/2085844319_zpid/
Condo for rent,"6800 E Tennessee Ave Apt 133, Denver, CO 80224",1100,6800 E Tennessee Ave Apt 133,Denver,CO,80224,864,https://www.zillow.com/homedetails/6800-E-Tennessee-Ave-APT-133-Denver-CO-80224/13404178_zpid/
House for rent,"2175 S Lafayette St, Denver, CO 80210",2400,2175 S Lafayette St ,Denver,CO,80210,1800,https://www.zillow.com/homedetails/2175-S-Lafayette-St-Denver-CO-80210/13376124_zpid/
House for rent,"2160 S Gilpin St, Denver, CO 80210",1900,2160 S Gilpin St ,Denver,CO,80210,1239,https://www.zillow.com/homedetails/2160-S-Gilpin-St-Denver-CO-80210/13376028_zpid/
House for rent,"1960 S Franklin St, Denver, CO 80210",2250,1960 S Franklin St ,Denver,CO,80210,1824,https://www.zillow.com/homedetails/1960-S-Franklin-St-Denver-CO-80210/13375766_zpid/
House for rent,"1270 S Williams St, Denver, CO 80210",6000,1270 S Williams St ,Denver,CO,80210,4500,https://www.zillow.com/homedetails/1270-S-Williams-St-Denver-CO-80210/13370273_zpid/
House for rent,"2047 S Williams St, Denver, CO 80210",2400,2047 S Williams St ,Denver,CO,80210,961,https://www.zillow.com/homedetails/2047-S-Williams-St-Denver-CO-80210/13375979_zpid/
House for rent,"2015 S Clarkson St, Denver, CO 80210",3000,2015 S Clarkson St ,Denver,CO,80210,1800,https://www.zillow.com/homedetails/2015-S-Clarkson-St-Denver-CO-80210/13378071_zpid/
House for rent,"1250 S Gaylord St, Denver, CO 80210",6500,1250 S Gaylord St ,Denver,CO,80210,4501,https://www.zillow.com/homedetails/1250-S-Gaylord-St-Denver-CO-80210/13370369_zpid/
House for rent,"1293 S Race St, Denver, CO 80210",3600,1293 S Race St ,Denver,CO,80210,2081,https://www.zillow.com/homedetails/1293-S-Race-St-Denver-CO-80210/13370299_zpid/
Condo for rent,"2006 S Columbine St, Denver, CO 80210",1750,2006 S Columbine St ,Denver,CO,80210,1000,https://www.zillow.com/homedetails/2006-S-Columbine-St-Denver-CO-80210/2110055336_zpid/
House for rent,"1500 S Ogden St, Denver, CO 80210",3800,1500 S Ogden St ,Denver,CO,80210,3400,https://www.zillow.com/homedetails/1500-S-Ogden-St-Denver-CO-80210/13371047_zpid/
House for rent,"1305 S Josephine St, Denver, CO 80210",4000,1305 S Josephine St ,Denver,CO,80210,2456,https://www.zillow.com/homedetails/1305-S-Josephine-St-Denver-CO-80210/13372830_zpid/
House for rent,"1487 S Steele St, Denver, CO 80210",2850,1487 S Steele St ,Denver,CO,80210,1950,https://www.zillow.com/homedetails/1487-S-Steele-St-Denver-CO-80210/13373003_zpid/
House for rent,"1945 S Logan St, Denver, CO 80210",3600,1945 S Logan St ,Denver,CO,80210,3000,https://www.zillow.com/homedetails/1945-S-Logan-St-Denver-CO-80210/110555901_zpid/
Townhouse for rent,"2058 S Clarkson St, Denver, CO 80210",2100,2058 S Clarkson St ,Denver,CO,80210,1350,https://www.zillow.com/homedetails/2058-S-Clarkson-St-Denver-CO-80210/2115458103_zpid/
Townhouse for rent,"1831 S High St, Denver, CO 80210",3200,1831 S High St ,Denver,CO,80210,2278,https://www.zillow.com/homedetails/1831-S-High-St-Denver-CO-80210/126317319_zpid/
House for rent,"2670 S Gaylord St, Denver, CO 80210",2600,2670 S Gaylord St ,Denver,CO,80210,1500,https://www.zillow.com/homedetails/2670-S-Gaylord-St-Denver-CO-80210/71543439_zpid/
House for rent,"2660 S Williams St, Denver, CO 80210",2400,2660 S Williams St ,Denver,CO,80210,1100,https://www.zillow.com/homedetails/2660-S-Williams-St-Denver-CO-80210/13377537_zpid/
House for rent,"1870 S Steele St, Denver, CO 80210",2300,1870 S Steele St ,Denver,CO,80210,962,https://www.zillow.com/homedetails/1870-S-Steele-St-Denver-CO-80210/13373706_zpid/
Townhouse for rent,"2637 S University Blvd, Denver, CO 80210",1995,2637 S University Blvd ,Denver,CO,80210,1008,https://www.zillow.com/homedetails/2637-S-University-Blvd-Denver-CO-80210/13377662_zpid/
House for rent,"2690 S Monroe St, Denver, CO 80210",2400,2690 S Monroe St ,Denver,CO,80210,1093,https://www.zillow.com/homedetails/2690-S-Monroe-St-Denver-CO-80210/13375607_zpid/
Townhouse for rent,"2356 S Race St, Denver, CO 80210",1350,2356 S Race St ,Denver,CO,80210,940,https://www.zillow.com/homedetails/2356-S-Race-St-Denver-CO-80210/13377330_zpid/
House for rent,"1847 S Emerson St, Denver, CO 80210",2900,1847 S Emerson St ,Denver,CO,80210,1250,https://www.zillow.com/homedetails/1847-S-Emerson-St-Denver-CO-80210/13370002_zpid/
House for rent,"1785 S Gilpin St, Denver, CO 80210",2800,1785 S Gilpin St ,Denver,CO,80210,1578,https://www.zillow.com/homedetails/1785-S-Gilpin-St-Denver-CO-80210/13371696_zpid/
House for rent,"1836 S Adams St, Denver, CO 80210",2775,1836 S Adams St ,Denver,CO,80210,2150,https://www.zillow.com/homedetails/1836-S-Adams-St-Denver-CO-80210/13373727_zpid/
Townhouse for rent,"2333 S Sherman St, Denver, CO 80210",2595,2333 S Sherman St ,Denver,CO,80210,1575,https://www.zillow.com/homedetails/2333-S-Sherman-St-Denver-CO-80210/63360014_zpid/
House for rent,"1426 S Sherman St, Denver, CO 80210",3200,1426 S Sherman St ,Denver,CO,80210,2000,https://www.zillow.com/homedetails/1426-S-Sherman-St-Denver-CO-80210/13368885_zpid/
House for rent,"1929 S High St, Denver, CO 80210",3125,1929 S High St ,Denver,CO,80210,2163,https://www.zillow.com/homedetails/1929-S-High-St-Denver-CO-80210/247388759_zpid/
House for rent,"2116 S Humboldt St, Denver, CO 80210",2750,2116 S Humboldt St ,Denver,CO,80210,1164,https://www.zillow.com/homedetails/2116-S-Humboldt-St-Denver-CO-80210/13376068_zpid/
House for rent,"1305 E Iowa Ave, Denver, CO 80210",2900,1305 E Iowa Ave ,Denver,CO,80210,1610,https://www.zillow.com/homedetails/1305-E-Iowa-Ave-Denver-CO-80210/13371013_zpid/
Townhouse for rent,"2695 S University Blvd, Denver, CO 80210",2595,2695 S University Blvd ,Denver,CO,80210,2500,https://www.zillow.com/homedetails/2695-S-University-Blvd-Denver-CO-80210/52964757_zpid/
House for rent,"1943 S Saint Paul St, Denver, CO 80210",3350,1943 S Saint Paul St ,Denver,CO,80210,1983,https://www.zillow.com/homedetails/1943-S-Saint-Paul-St-Denver-CO-80210/13374243_zpid/
House for rent,"1725 S Pearl St, Denver, CO 80210",2200,1725 S Pearl St ,Denver,CO,80210,1100,https://www.zillow.com/homedetails/1725-S-Pearl-St-Denver-CO-80210/13369645_zpid/
Condo for rent,"2101 S Josephine St Apt 104, Denver, CO 80210",1100,2101 S Josephine St Apt 104,Denver,CO,80210,700,https://www.zillow.com/homedetails/2101-S-Josephine-St-APT-104-Denver-CO-80210/61433756_zpid/
House for rent,"2210 S Downing St, Denver, CO 80210",1995,2210 S Downing St ,Denver,CO,80210,1775,https://www.zillow.com/homedetails/2210-S-Downing-St-Denver-CO-80210/2138036963_zpid/
Townhouse for rent,"235 E Iliff Ave, Denver, CO 80210",2500,235 E Iliff Ave ,Denver,CO,80210,1549,https://www.zillow.com/homedetails/235-E-Iliff-Ave-Denver-CO-80210/13378275_zpid/
Townhouse for rent,"1686 S Grant St, Denver, CO 80210",4250,1686 S Grant St ,Denver,CO,80210,2190,https://www.zillow.com/homedetails/1686-S-Grant-St-Denver-CO-80210/130282013_zpid/
Condo for rent,"2259 S Josephine St Apt 104, Denver, CO 80210",1200,2259 S Josephine St Apt 104,Denver,CO,80210,650,https://www.zillow.com/homedetails/2259-S-Josephine-St-APT-104-Denver-CO-80210/58294223_zpid/
House for rent,"200 E Mexico Ave, Denver, CO 80210",2200,200 E Mexico Ave ,Denver,CO,80210,1200,https://www.zillow.com/homedetails/200-E-Mexico-Ave-Denver-CO-80210/130282309_zpid/
Condo for rent,"2500 S York St Apt 313, Denver, CO 80210",1300,2500 S York St Apt 313,Denver,CO,80210,698,https://www.zillow.com/homedetails/2500-S-York-St-APT-313-Denver-CO-80210/58294297_zpid/
House for rent,"1757 S Gilpin St, Denver, CO 80210",4100,1757 S Gilpin St ,Denver,CO,80210,2800,https://www.zillow.com/homedetails/1757-S-Gilpin-St-Denver-CO-80210/13371699_zpid/
Townhouse for rent,"1527 S Washington St, Denver, CO 80210",2600,1527 S Washington St ,Denver,CO,80210,980,https://www.zillow.com/homedetails/1527-S-Washington-St-Denver-CO-80210/54891960_zpid/
House for rent,"1776 S Corona St, Denver, CO 80210",2400,1776 S Corona St ,Denver,CO,80210,1600,https://www.zillow.com/homedetails/1776-S-Corona-St-Denver-CO-80210/13371354_zpid/
House for rent,"1755 S Garfield St, Denver, CO 80210",3300,1755 S Garfield St ,Denver,CO,80210,1698,https://www.zillow.com/homedetails/1755-S-Garfield-St-Denver-CO-80210/13373650_zpid/
Condo for rent,"2225 E Buchtel Blvd # 102, Denver, CO 80210",1050,2225 E Buchtel Blvd # 102,Denver,CO,80210,650,https://www.zillow.com/homedetails/2225-E-Buchtel-Blvd-102-Denver-CO-80210/52964636_zpid/
House for rent,"2040 S Lafayette St, Denver, CO 80210",2750,2040 S Lafayette St ,Denver,CO,80210,1900,https://www.zillow.com/homedetails/2040-S-Lafayette-St-Denver-CO-80210/13375903_zpid/
House for rent,"1534 S York St, Denver, CO 80210",3695,1534 S York St ,Denver,CO,80210,2772,https://www.zillow.com/homedetails/1534-S-York-St-Denver-CO-80210/13371602_zpid/
Townhouse for rent,"229 E Iliff Ave, Denver, CO 80210",2600,229 E Iliff Ave ,Denver,CO,80210,1492,https://www.zillow.com/homedetails/229-E-Iliff-Ave-Denver-CO-80210/13378279_zpid/
House for rent,"2148 S Columbine St, Denver, CO 80210",4850,2148 S Columbine St ,Denver,CO,80210,2874,https://www.zillow.com/homedetails/2148-S-Columbine-St-Denver-CO-80210/13374501_zpid/
Condo for rent,"2320 S University Blvd Apt 203, Denver, CO 80210",1300,2320 S University Blvd Apt 203,Denver,CO,80210,600,https://www.zillow.com/homedetails/2320-S-University-Blvd-APT-203-Denver-CO-80210/58294237_zpid/
Townhouse for rent,"2001 S High St, Denver, CO 80210",3200,2001 S High St ,Denver,CO,80210,1845,https://www.zillow.com/homedetails/2001-S-High-St-Denver-CO-80210/247389407_zpid/
Condo for rent,"1888 S Jackson St Apt 1103, Denver, CO 80210",1400,1888 S Jackson St Apt 1103,Denver,CO,80210,866,https://www.zillow.com/homedetails/1888-S-Jackson-St-APT-1103-Denver-CO-80210/13373879_zpid/
House for rent,"2360 S Emerson St, Denver, CO 80210",2650,2360 S Emerson St ,Denver,CO,80210,1000,https://www.zillow.com/homedetails/2360-S-Emerson-St-Denver-CO-80210/13376694_zpid/
House for rent,"1895 S Adams St, Denver, CO 80210",2000,1895 S Adams St ,Denver,CO,80210,1399,https://www.zillow.com/homedetails/1895-S-Adams-St-Denver-CO-80210/13373709_zpid/
House for rent,"2233 S Saint Paul St, Denver, CO 80210",3250,2233 S Saint Paul St ,Denver,CO,80210,2100,https://www.zillow.com/homedetails/2233-S-Saint-Paul-St-Denver-CO-80210/13374584_zpid/
Townhouse for rent,"2328 S High St, Denver, CO 80210",1850,2328 S High St ,Denver,CO,80210,900,https://www.zillow.com/homedetails/2328-S-High-St-Denver-CO-80210/2090421138_zpid/
House for rent,"2025 S High St, Denver, CO 80210",4500,2025 S High St ,Denver,CO,80210,2400,https://www.zillow.com/homedetails/2025-S-High-St-Denver-CO-80210/13375996_zpid/
Townhouse for rent,"2656 S Grant St, Denver, CO 80210",1900,2656 S Grant St ,Denver,CO,80210,1193,https://www.zillow.com/homedetails/2656-S-Grant-St-Denver-CO-80210/13379456_zpid/
House for rent,"3550 Buchtel Blvd, Denver, CO 80210",3150,3550 Buchtel Blvd ,Denver,CO,80210,1666,https://www.zillow.com/homedetails/3550-Buchtel-Blvd-Denver-CO-80210/13373988_zpid/
House for rent,"2005 S Ogden St, Denver, CO 80210",2800,2005 S Ogden St ,Denver,CO,80210,1513,https://www.zillow.com/homedetails/2005-S-Ogden-St-Denver-CO-80210/13376406_zpid/
House for rent,"1211 S Columbine St, Denver, CO 80210",3500,1211 S Columbine St ,Denver,CO,80210,2272,https://www.zillow.com/homedetails/1211-S-Columbine-St-Denver-CO-80210/13372508_zpid/
House for rent,"2484 S Cook St, Denver, CO 80210",1895,2484 S Cook St ,Denver,CO,80210,755,https://www.zillow.com/homedetails/2484-S-Cook-St-Denver-CO-80210/13375312_zpid/
House for rent,"1100 S Clayton St, Denver, CO 80210",2995,1100 S Clayton St ,Denver,CO,80210,1226,https://www.zillow.com/homedetails/1100-S-Clayton-St-Denver-CO-80210/13372381_zpid/
Condo for rent,"2225 Buchtel Blvd Apt 512, Denver, CO 80210",1550,2225 Buchtel Blvd Apt 512,Denver,CO,80210,936,https://www.zillow.com/homedetails/2225-Buchtel-Blvd-APT-512-Denver-CO-80210/52964685_zpid/
Condo for rent,"S Raritan St, Denver, CO 80223",1320, S Raritan St ,Denver,CO,80223,900,https://www.zillow.com/homedetails/S-Raritan-St-Denver-CO-80223/2078311193_zpid/
House for rent,"274 Delaware St, Denver, CO 80223",1850,274 Delaware St ,Denver,CO,80223,725,https://www.zillow.com/homedetails/274-Delaware-St-Denver-CO-80223/61433637_zpid/
House for rent,"1316 S Shoshone St, Denver, CO 80223",1899,1316 S Shoshone St ,Denver,CO,80223,1846,https://www.zillow.com/homedetails/1316-S-Shoshone-St-Denver-CO-80223/13367544_zpid/
House for rent,"721 W 4th Ave, Denver, CO 80223",2275,721 W 4th Ave ,Denver,CO,80223,1200,https://www.zillow.com/homedetails/721-W-4th-Ave-Denver-CO-80223/13343444_zpid/
House for rent,"207 Galapago St, Denver, CO 80223",1980,207 Galapago St ,Denver,CO,80223,675,https://www.zillow.com/homedetails/207-Galapago-St-Denver-CO-80223/13343832_zpid/
Townhouse for rent,"1876 W Mississippi Ave # 1876, Denver, CO 80223",1395,1876 W Mississippi Ave # 1876,Denver,CO,80223,950,https://www.zillow.com/homedetails/1876-W-Mississippi-Ave-1876-Denver-CO-80223/2079537314_zpid/
Townhouse for rent,"56 S Elati St, Denver, CO 80223",2395,56 S Elati St ,Denver,CO,80223,1467,https://www.zillow.com/homedetails/56-S-Elati-St-Denver-CO-80223/130255410_zpid/
House for rent,"2260 S Bannock St, Denver, CO 80223",2600,2260 S Bannock St ,Denver,CO,80223,1676,https://www.zillow.com/homedetails/2260-S-Bannock-St-Denver-CO-80223/13378568_zpid/
House for rent,"2111 S Bannock St, Denver, CO 80223",2295,2111 S Bannock St ,Denver,CO,80223,950,https://www.zillow.com/homedetails/2111-S-Bannock-St-Denver-CO-80223/2097426128_zpid/
House for rent,"218 W Ellsworth Ave, Denver, CO 80223",2600,218 W Ellsworth Ave ,Denver,CO,80223,1788,https://www.zillow.com/homedetails/218-W-Ellsworth-Ave-Denver-CO-80223/13344390_zpid/
House for rent,"914 W 4th Ave, Denver, CO 80223",3700,914 W 4th Ave ,Denver,CO,80223,1500,https://www.zillow.com/homedetails/914-W-4th-Ave-Denver-CO-80223/82287527_zpid/
House for rent,"716 W 3rd Ave, Denver, CO 80223",2100,716 W 3rd Ave ,Denver,CO,80223,780,https://www.zillow.com/homedetails/716-W-3rd-Ave-Denver-CO-80223/58293734_zpid/
House for rent,"2292 S Acoma St, Denver, CO 80223",1300,2292 S Acoma St ,Denver,CO,80223,850,https://www.zillow.com/homedetails/2292-S-Acoma-St-Denver-CO-80223/13378581_zpid/
House for rent,"2384 S Bannock St, Denver, CO 80223",2750,2384 S Bannock St ,Denver,CO,80223,2000,https://www.zillow.com/homedetails/2384-S-Bannock-St-Denver-CO-80223/13379092_zpid/
House for rent,"307 Galapago St, Denver, CO 80223",2295,307 Galapago St ,Denver,CO,80223,1200,https://www.zillow.com/homedetails/307-Galapago-St-Denver-CO-80223/13343807_zpid/
House for rent,"1550 S Tejon St, Denver, CO 80223",1795,1550 S Tejon St ,Denver,CO,80223,715,https://www.zillow.com/homedetails/1550-S-Tejon-St-Denver-CO-80223/13367889_zpid/
Condo for rent,"2 Acoma St Apt 11, Denver, CO 80223",1525,2 Acoma St Apt 11,Denver,CO,80223,682,https://www.zillow.com/homedetails/2-Acoma-St-APT-11-Denver-CO-80223/13344353_zpid/
Townhouse for rent,"712-718 W 1st Ave, Denver, CO 80223",3650,712-718 W 1st Ave ,Denver,CO,80223,2304,https://www.zillow.com/homedetails/712-718-W-1st-Ave-Denver-CO-80223/2079447893_zpid/
Townhouse for rent,"90 N Galapago St # 14, Denver, CO 80223",2800,90 N Galapago St # 14,Denver,CO,80223,1481,https://www.zillow.com/homedetails/90-N-Galapago-St-14-Denver-CO-80223/303876770_zpid/
Townhouse for rent,"273 Galapago St, Denver, CO 80223",1795,273 Galapago St ,Denver,CO,80223,740,https://www.zillow.com/homedetails/273-Galapago-St-Denver-CO-80223/58293732_zpid/
House for rent,"906 S Vallejo St, Denver, CO 80223",1800,906 S Vallejo St ,Denver,CO,80223,1000,https://www.zillow.com/homedetails/906-S-Vallejo-St-Denver-CO-80223/13357691_zpid/
House for rent,"W Maple Ave, Denver, CO 80223",3800, W Maple Ave ,Denver,CO,80223,1600,https://www.zillow.com/homedetails/W-Maple-Ave-Denver-CO-80223/2078716494_zpid/
House for rent,"233 W Harvard Ave, Denver, CO 80223",3000,233 W Harvard Ave ,Denver,CO,80223,1820,https://www.zillow.com/homedetails/233-W-Harvard-Ave-Denver-CO-80223/251842121_zpid/
House for rent,"3180 W Mexico Ave, Denver, CO 80219",2600,3180 W Mexico Ave ,Denver,CO,80219,2500,https://www.zillow.com/homedetails/3180-W-Mexico-Ave-Denver-CO-80219/13366081_zpid/
Townhouse for rent,"375 N Decatur St, Denver, CO 80219",2450,375 N Decatur St ,Denver,CO,80219,1456,https://www.zillow.com/homedetails/375-N-Decatur-St-Denver-CO-80219/318398583_zpid/
House for rent,"55 S Clay St, Denver, CO 80219",1700,55 S Clay St ,Denver,CO,80219,929,https://www.zillow.com/homedetails/55-S-Clay-St-Denver-CO-80219/13341599_zpid/
House for rent,"2064 S Meade St, Denver, CO 80219",1200,2064 S Meade St ,Denver,CO,80219,1000,https://www.zillow.com/homedetails/2064-S-Meade-St-Denver-CO-80219/13381583_zpid/
House for rent,"2171 S Yates St, Denver, CO 80219",2500,2171 S Yates St ,Denver,CO,80219,2026,https://www.zillow.com/homedetails/2171-S-Yates-St-Denver-CO-80219/13382396_zpid/
Townhouse for rent,"3703 W Ellsworth Ave, Denver, CO 80219",1025,3703 W Ellsworth Ave ,Denver,CO,80219,450,https://www.zillow.com/homedetails/3703-W-Ellsworth-Ave-Denver-CO-80219/2097461707_zpid/
House for rent,"118 S Irving St, Denver, CO 80219",2000,118 S Irving St ,Denver,CO,80219,1320,https://www.zillow.com/homedetails/118-S-Irving-St-Denver-CO-80219/13342275_zpid/
Townhouse for rent,"2237 S Decatur St, Denver, CO 80219",1650,2237 S Decatur St ,Denver,CO,80219,1104,https://www.zillow.com/homedetails/2237-S-Decatur-St-Denver-CO-80219/13379888_zpid/
House for rent,"442 S Eliot St, Denver, CO 80219",1900,442 S Eliot St ,Denver,CO,80219,1300,https://www.zillow.com/homedetails/442-S-Eliot-St-Denver-CO-80219/13358356_zpid/
House for rent,"2600 S Irving St, Denver, CO 80219",2100,2600 S Irving St ,Denver,CO,80219,1114,https://www.zillow.com/homedetails/2600-S-Irving-St-Denver-CO-80219/13381147_zpid/
House for rent,"3231 W Dakota Ave, Denver, CO 80219",2250,3231 W Dakota Ave ,Denver,CO,80219,1018,https://www.zillow.com/homedetails/3231-W-Dakota-Ave-Denver-CO-80219/13358861_zpid/
House for rent,"2221 S Wolff St, Denver, CO 80219",2650,2221 S Wolff St ,Denver,CO,80219,2200,https://www.zillow.com/homedetails/2221-S-Wolff-St-Denver-CO-80219/13382624_zpid/
House for rent,"4570 W Center Ave, Denver, CO 80219",1995,4570 W Center Ave ,Denver,CO,80219,1082,https://www.zillow.com/homedetails/4570-W-Center-Ave-Denver-CO-80219/13360960_zpid/
Townhouse for rent,"209 S Eliot St, Denver, CO 80219",2400,209 S Eliot St ,Denver,CO,80219,1706,https://www.zillow.com/homedetails/209-S-Eliot-St-Denver-CO-80219/130252199_zpid/
House for rent,"2030 S Lowell Blvd, Denver, CO 80219",2000,2030 S Lowell Blvd ,Denver,CO,80219,1060,https://www.zillow.com/homedetails/2030-S-Lowell-Blvd-Denver-CO-80219/13380121_zpid/
House for rent,"2290 S King St, Denver, CO 80219",1800,2290 S King St ,Denver,CO,80219,736,https://www.zillow.com/homedetails/2290-S-King-St-Denver-CO-80219/13380436_zpid/
House for rent,"3040 W 3rd Ave, Denver, CO 80219",2400,3040 W 3rd Ave ,Denver,CO,80219,800,https://www.zillow.com/homedetails/3040-W-3rd-Ave-Denver-CO-80219/2121825318_zpid/
House for rent,"3433 W Alaska Pl, Denver, CO 80219",2200,3433 W Alaska Pl ,Denver,CO,80219,,https://www.zillow.com/homedetails/3433-W-Alaska-Pl-Denver-CO-80219/2090672026_zpid/
House for rent,"143 S Perry St, Denver, CO 80219",1600,143 S Perry St ,Denver,CO,80219,600,https://www.zillow.com/homedetails/143-S-Perry-St-Denver-CO-80219/13340353_zpid/
