House status,Name,Price,Street Address,Locality,Region,PostalCode,Size,Href
House for rent,"11628 Masonville Dr, Parker, CO 80134",2200,11628 Masonville Dr,Parker,CO,80134,1906,https://www.zillow.com/homedetails/11628-Masonville-Dr-Parker-CO-80134/13467783_zpid/
House for rent,"15969 Hedgeway Dr, Parker, CO 80134",2295,15969 Hedgeway Dr,Parker,CO,80134,2207,https://www.zillow.com/homedetails/15969-Hedgeway-Dr-Parker-CO-80134/13465537_zpid/
House for rent,"10709 Jordan Ct, Parker, CO 80134",2795,10709 Jordan Ct,Parker,CO,80134,3030,https://www.zillow.com/homedetails/10709-Jordan-Ct-Parker-CO-80134/13470588_zpid/
House for rent,"11598 S Maiden Hair Way, Parker, CO 80134",2850,11598 S Maiden Hair Way,Parker,CO,80134,4006,https://www.zillow.com/homedetails/11598-S-Maiden-Hair-Way-Parker-CO-80134/67452666_zpid/
Condo for rent,"12914 Ironstone Way Apt 204, Parker, CO 80134",1300,12914 Ironstone Way APT 204,Parker,CO,80134,773,https://www.zillow.com/homedetails/12914-Ironstone-Way-APT-204-Parker-CO-80134/63390602_zpid/
House for rent,"8661 Red Clover Ct, Parker, CO 80134",2145,8661 Red Clover Ct,Parker,CO,80134,1490,https://www.zillow.com/homedetails/8661-Red-Clover-Ct-Parker-CO-80134/13464824_zpid/
Townhouse for rent,"11701 Fenwick Cir #5, Parker, CO 80134",2000,11701 Fenwick Cir #5,Parker,CO,80134,1694,https://www.zillow.com/homedetails/11701-Fenwick-Cir-5-Parker-CO-80134/63846537_zpid/
Townhouse for rent,"10225 Tall Oaks Cir, Parker, CO 80134",2370,10225 Tall Oaks Cir,Parker,CO,80134,2398,https://www.zillow.com/homedetails/10225-Tall-Oaks-Cir-Parker-CO-80134/118267335_zpid/
House for rent,"17440 E Iron Ore Ave, Parker, CO 80134",2650,17440 E Iron Ore Ave,Parker,CO,80134,3110,https://www.zillow.com/homedetails/17440-E-Iron-Ore-Ave-Parker-CO-80134/249983672_zpid/
Townhouse for rent,"19435 E Mann Creek Dr, Parker, CO 80134",2395,19435 E Mann Creek Dr,Parker,CO,80134,2328,https://www.zillow.com/homedetails/19435-E-Mann-Creek-Dr-Parker-CO-80134/13475678_zpid/
House for rent,"17054 Foxton Dr, Parker, CO 80134",2100,17054 Foxton Dr,Parker,CO,80134,2911,https://www.zillow.com/homedetails/17054-Foxton-Dr-Parker-CO-80134/13471026_zpid/
Condo for rent,"9584 Pearl Cir Unit 104, Parker, CO 80134",1350,9584 Pearl Cir UNIT 104,Parker,CO,80134,876,https://www.zillow.com/homedetails/9584-Pearl-Cir-UNIT-104-Parker-CO-80134/67454184_zpid/
House for rent,"17044 E Carr Ave, Parker, CO 80134",2695,17044 E Carr Ave,Parker,CO,80134,2608,https://www.zillow.com/homedetails/17044-E-Carr-Ave-Parker-CO-80134/13470842_zpid/
House for rent,"6048 Ponderosa Way, Parker, CO 80134",2800,6048 Ponderosa Way,Parker,CO,80134,2840,https://www.zillow.com/homedetails/6048-Ponderosa-Way-Parker-CO-80134/13478005_zpid/
Condo for rent,"17443 Nature Walk Trl Unit 305, Parker, CO 80134",1550,17443 Nature Walk Trl UNIT 305,Parker,CO,80134,1064,https://www.zillow.com/homedetails/17443-Nature-Walk-Trl-UNIT-305-Parker-CO-80134/72300845_zpid/
House for rent,"6457 N Windhollow Ct, Parker, CO 80134",2950,6457 N Windhollow Ct,Parker,CO,80134,3959,https://www.zillow.com/homedetails/6457-N-Windhollow-Ct-Parker-CO-80134/2078108602_zpid/
House for rent,"10597 Rutledge St, Parker, CO 80134",2800,10597 Rutledge St,Parker,CO,80134,2000,https://www.zillow.com/homedetails/10597-Rutledge-St-Parker-CO-80134/90147080_zpid/
House for rent,"6497 Cherry Creek Dr, Parker, CO 80134",2400,6497 Cherry Creek Dr,Parker,CO,80134,2034,https://www.zillow.com/homedetails/6497-Cherry-Creek-Dr-Parker-CO-80134/13481056_zpid/
Townhouse for rent,"Hough Poin, Parker, CO 80134",2740,Hough Poin,Parker,CO,80134,2000,https://www.zillow.com/homedetails/Hough-Poin-Parker-CO-80134/2081055866_zpid/
House for rent,"5314 Blandford Cir, Parker, CO 80134",2925,5314 Blandford Cir,Parker,CO,80134,2697,https://www.zillow.com/homedetails/5314-Blandford-Cir-Parker-CO-80134/13480506_zpid/
House for rent,"8903 Cottonwood Way, Parker, CO 80134",2275,8903 Cottonwood Way,Parker,CO,80134,1820,https://www.zillow.com/homedetails/8903-Cottonwood-Way-Parker-CO-80134/13464226_zpid/
House for rent,"8539 Sweet Clover Way, Parker, CO 80134",2500,8539 Sweet Clover Way,Parker,CO,80134,1750,https://www.zillow.com/homedetails/8539-Sweet-Clover-Way-Parker-CO-80134/13464719_zpid/
Townhouse for rent,"13820 Tall Oaks Loop, Parker, CO 80134",2350,13820 Tall Oaks Loop,Parker,CO,80134,1852,https://www.zillow.com/homedetails/13820-Tall-Oaks-Loop-Parker-CO-80134/124169976_zpid/
House for rent,"19783 Glendale Ln, Parker, CO 80134",2650,19783 Glendale Ln,Parker,CO,80134,1818,https://www.zillow.com/homedetails/19783-Glendale-Ln-Parker-CO-80134/13475183_zpid/
House for rent,"10893 Bullock Ct, Parker, CO 80134",2595,10893 Bullock Ct,Parker,CO,80134,1624,https://www.zillow.com/homedetails/10893-Bullock-Ct-Parker-CO-80134/13469897_zpid/
House for rent,"12068 Swansea Dr, Parker, CO 80134",2500,12068 Swansea Dr,Parker,CO,80134,2000,https://www.zillow.com/homedetails/12068-Swansea-Dr-Parker-CO-80134/55812446_zpid/
House for rent,"9282 Longgate Ln, Parker, CO 80134",2700,9282 Longgate Ln,Parker,CO,80134,1926,https://www.zillow.com/homedetails/9282-Longgate-Ln-Parker-CO-80134/55812809_zpid/
House for rent,"12856 S Silver Plume St, Parker, CO 80134",2695,12856 S Silver Plume St,Parker,CO,80134,2860,https://www.zillow.com/homedetails/12856-S-Silver-Plume-St-Parker-CO-80134/13476118_zpid/
House for rent,"5407 Rhyolite Way, Parker, CO 80134",2525,5407 Rhyolite Way,Parker,CO,80134,1918,https://www.zillow.com/homedetails/5407-Rhyolite-Way-Parker-CO-80134/13481172_zpid/
House for rent,"10565 Casper Point, Parker, CO 80134",2695,10565 Casper Point,Parker,CO,80134,2209,https://www.zillow.com/homedetails/10565-Casper-Point-Parker-CO-80134/242033954_zpid/
Townhouse for rent,"9451 Ashbury Cir Unit 201, Parker, CO 80134",1995,9451 Ashbury Cir UNIT 201,Parker,CO,80134,1466,https://www.zillow.com/homedetails/9451-Ashbury-Cir-UNIT-201-Parker-CO-80134/72299497_zpid/
House for rent,"16736 E Hollow Horn Ave, Parker, CO 80134",2095,16736 E Hollow Horn Ave,Parker,CO,80134,1308,https://www.zillow.com/homedetails/16736-E-Hollow-Horn-Ave-Parker-CO-80134/67453453_zpid/
House for rent,"17739 Biscuit Root Dr, Parker, CO 80134",2350,17739 Biscuit Root Dr,Parker,CO,80134,1670,https://www.zillow.com/homedetails/17739-Biscuit-Root-Dr-Parker-CO-80134/13464202_zpid/
House for rent,"Oslo Ave, Parker, CO 80134",1500,Oslo Ave,Parker,CO,80134,650,https://www.zillow.com/homedetails/Oslo-Ave-Parker-CO-80134/2089123244_zpid/
Condo for rent,"9180 Rolling Way Unit 203, Parker, CO 80134",1640,9180 Rolling Way UNIT 203,Parker,CO,80134,925,https://www.zillow.com/homedetails/9180-Rolling-Way-UNIT-203-Parker-CO-80134/147381870_zpid/
House for rent,"5201 Creek Way, Parker, CO 80134",2595,5201 Creek Way,Parker,CO,80134,1940,https://www.zillow.com/homedetails/5201-Creek-Way-Parker-CO-80134/13480888_zpid/
House for rent,"8377 Prairie Clover Way, Parker, CO 80134",2345,8377 Prairie Clover Way,Parker,CO,80134,1668,https://www.zillow.com/homedetails/8377-Prairie-Clover-Way-Parker-CO-80134/13464328_zpid/
House for rent,"9685 Rockhampton Way, Highlands Ranch, CO 80130",2000,9685 Rockhampton Way,Highlands Ranch,CO,80130,1082,https://www.zillow.com/homedetails/9685-Rockhampton-Way-Highlands-Ranch-CO-80130/13455213_zpid/
House for rent,"9064 Greenspointe Ln, Highlands Ranch, CO 80130",2300,9064 Greenspointe Ln,Highlands Ranch,CO,80130,2760,https://www.zillow.com/homedetails/9064-Greenspointe-Ln-Highlands-Ranch-CO-80130/13452406_zpid/
House for rent,"5179 Morning Glory Pl, Highlands Ranch, CO 80130",2450,5179 Morning Glory Pl,Highlands Ranch,CO,80130,3000,https://www.zillow.com/homedetails/5179-Morning-Glory-Pl-Highlands-Ranch-CO-80130/13454165_zpid/
House for rent,"5330 Windflower Ln, Highlands Ranch, CO 80130",2500,5330 Windflower Ln,Highlands Ranch,CO,80130,2869,https://www.zillow.com/homedetails/5330-Windflower-Ln-Highlands-Ranch-CO-80130/67452378_zpid/
House for rent,"10875 Heatherton St, Highlands Ranch, CO 80130",3000,10875 Heatherton St,Highlands Ranch,CO,80130,2985,https://www.zillow.com/homedetails/10875-Heatherton-St-Highlands-Ranch-CO-80130/67453621_zpid/
House for rent,"4955 Greenwich Ln, Highlands Ranch, CO 80130",2550,4955 Greenwich Ln,Highlands Ranch,CO,80130,3200,https://www.zillow.com/homedetails/4955-Greenwich-Ln-Highlands-Ranch-CO-80130/13453822_zpid/
House for rent,"10841 Towerbridge Ln, Highlands Ranch, CO 80130",2295,10841 Towerbridge Ln,Highlands Ranch,CO,80130,1500,https://www.zillow.com/homedetails/10841-Towerbridge-Ln-Highlands-Ranch-CO-80130/67420923_zpid/
Townhouse for rent,"8633 Gold Peak Pl Unit C, Highlands Ranch, CO 80130",4200,8633 Gold Peak Pl UNIT C,Highlands Ranch,CO,80130,1457,https://www.zillow.com/homedetails/8633-Gold-Peak-Pl-UNIT-C-Highlands-Ranch-CO-80130/82020586_zpid/
Townhouse for rent,"6408 Silver Mesa Dr Unit E, Littleton, CO 80130",2595,6408 Silver Mesa Dr UNIT E,Littleton,CO,80130,1495,https://www.zillow.com/homedetails/6408-Silver-Mesa-Dr-UNIT-E-Littleton-CO-80130/2078414905_zpid/
House for rent,"10243 Fawnbrook Ct, Highlands Ranch, CO 80130",2595,10243 Fawnbrook Ct,Highlands Ranch,CO,80130,2700,https://www.zillow.com/homedetails/10243-Fawnbrook-Ct-Highlands-Ranch-CO-80130/13461236_zpid/
House for rent,"5050 Wagon Box Pl, Highlands Ranch, CO 80130",2950,5050 Wagon Box Pl,Highlands Ranch,CO,80130,2821,https://www.zillow.com/homedetails/5050-Wagon-Box-Pl-Highlands-Ranch-CO-80130/62810086_zpid/
House for rent,"1327 Sunnyside St, Highlands Ranch, CO 80126",2200,1327 Sunnyside St,Highlands Ranch,CO,80126,1575,https://www.zillow.com/homedetails/1327-Sunnyside-St-Highlands-Ranch-CO-80126/13436489_zpid/
Condo for rent,"8325 Pebble Creek Way Floor 1, Littleton, CO 80126",1600,8325 Pebble Creek Way FLOOR 1,Littleton,CO,80126,1031,https://www.zillow.com/homedetails/8325-Pebble-Creek-Way-FLOOR-1-Littleton-CO-80126/2077946688_zpid/
Condo for rent,"3855 Canyon Ranch Rd Unit 101, Highlands Ranch, CO 80126",1550,3855 Canyon Ranch Rd UNIT 101,Highlands Ranch,CO,80126,1031,https://www.zillow.com/homedetails/3855-Canyon-Ranch-Rd-UNIT-101-Highlands-Ranch-CO-80126/13434956_zpid/
House for rent,"9492 Joyce Ln, Highlands Ranch, CO 80126",2145,9492 Joyce Ln,Highlands Ranch,CO,80126,1279,https://www.zillow.com/homedetails/9492-Joyce-Ln-Highlands-Ranch-CO-80126/13442732_zpid/
Condo for rent,"8475 Pebble Creek Way Unit 204, Highlands Ranch, CO 80126",1600,8475 Pebble Creek Way UNIT 204,Highlands Ranch,CO,80126,1041,https://www.zillow.com/homedetails/8475-Pebble-Creek-Way-UNIT-204-Highlands-Ranch-CO-80126/13434739_zpid/
House for rent,"10232 Willowbridge Way, Highlands Ranch, CO 80126",2550,10232 Willowbridge Way,Highlands Ranch,CO,80126,2730,https://www.zillow.com/homedetails/10232-Willowbridge-Way-Highlands-Ranch-CO-80126/13446840_zpid/
House for rent,"10280 Greatwood Pointe, Highlands Ranch, CO 80126",4500,10280 Greatwood Pointe,Highlands Ranch,CO,80126,4425,https://www.zillow.com/homedetails/10280-Greatwood-Pointe-Highlands-Ranch-CO-80126/13446603_zpid/
House for rent,"3273 Ashworth Ave, Highlands Ranch, CO 80126",2500,3273 Ashworth Ave,Highlands Ranch,CO,80126,2299,https://www.zillow.com/homedetails/3273-Ashworth-Ave-Highlands-Ranch-CO-80126/55811608_zpid/
House for rent,"8906 Miners Dr, Highlands Ranch, CO 80126",2500,8906 Miners Dr,Highlands Ranch,CO,80126,2200,https://www.zillow.com/homedetails/8906-Miners-Dr-Highlands-Ranch-CO-80126/13435835_zpid/
House for rent,"2345 Thistle Ridge Cir, Highlands Ranch, CO 80126",3450,2345 Thistle Ridge Cir,Highlands Ranch,CO,80126,4762,https://www.zillow.com/homedetails/2345-Thistle-Ridge-Cir-Highlands-Ranch-CO-80126/13436928_zpid/
House for rent,"9976 Strathfield Ln, Highlands Ranch, CO 80126",2295,9976 Strathfield Ln,Highlands Ranch,CO,80126,1476,https://www.zillow.com/homedetails/9976-Strathfield-Ln-Highlands-Ranch-CO-80126/13461986_zpid/
House for rent,"2967 Redhaven Way, Highlands Ranch, CO 80126",2350,2967 Redhaven Way,Highlands Ranch,CO,80126,1700,https://www.zillow.com/homedetails/2967-Redhaven-Way-Highlands-Ranch-CO-80126/52457658_zpid/
House for rent,"9418 Burgundy Cir, Highlands Ranch, CO 80126",2375,9418 Burgundy Cir,Highlands Ranch,CO,80126,3363,https://www.zillow.com/homedetails/9418-Burgundy-Cir-Highlands-Ranch-CO-80126/13441885_zpid/
House for rent,"10730 Cherrington St, Highlands Ranch, CO 80126",2500,10730 Cherrington St,Highlands Ranch,CO,80126,1931,https://www.zillow.com/homedetails/10730-Cherrington-St-Highlands-Ranch-CO-80126/55811870_zpid/
House for rent,"10773 Southhaven Cir, Highlands Ranch, CO 80126",2825,10773 Southhaven Cir,Highlands Ranch,CO,80126,2299,https://www.zillow.com/homedetails/10773-Southhaven-Cir-Highlands-Ranch-CO-80126/55811897_zpid/
House for rent,"E Brittany Way, Littleton, CO 80126",2799,E Brittany Way,Littleton,CO,80126,2000,https://www.zillow.com/homedetails/E-Brittany-Way-Littleton-CO-80126/2078189783_zpid/
House for rent,"8750 Skylark St, Highlands Ranch, CO 80126",2925,8750 Skylark St,Highlands Ranch,CO,80126,2911,https://www.zillow.com/homedetails/8750-Skylark-St-Highlands-Ranch-CO-80126/13453244_zpid/
House for rent,"9458 Sherrelwood Ln, Highlands Ranch, CO 80126",2450,9458 Sherrelwood Ln,Highlands Ranch,CO,80126,2650,https://www.zillow.com/homedetails/9458-Sherrelwood-Ln-Highlands-Ranch-CO-80126/13444160_zpid/
House for rent,"9286 Lark Sparrow Dr, Highlands Ranch, CO 80126",2650,9286 Lark Sparrow Dr,Highlands Ranch,CO,80126,3319,https://www.zillow.com/homedetails/9286-Lark-Sparrow-Dr-Highlands-Ranch-CO-80126/13454408_zpid/
Condo for rent,"8438 S Thunder Ridge Way Unit 104, Highlands Ranch, CO 80126",1595,8438 S Thunder Ridge Way UNIT 104,Highlands Ranch,CO,80126,1041,https://www.zillow.com/homedetails/8438-S-Thunder-Ridge-Way-UNIT-104-Highlands-Ranch-CO-80126/2113204885_zpid/
Condo for rent,"8312 Pebble Creek Way Unit 204, Highlands Ranch, CO 80126",1595,8312 Pebble Creek Way UNIT 204,Highlands Ranch,CO,80126,1078,https://www.zillow.com/homedetails/8312-Pebble-Creek-Way-UNIT-204-Highlands-Ranch-CO-80126/13434931_zpid/
Condo for rent,"4430 Copeland Loop Unit 104, Littleton, CO 80126",1895,4430 Copeland Loop UNIT 104,Littleton,CO,80126,1200,https://www.zillow.com/homedetails/4430-Copeland-Loop-UNIT-104-Littleton-CO-80126/67455443_zpid/
House for rent,"10143 Meadowbriar Ln, Highlands Ranch, CO 80126",3200,10143 Meadowbriar Ln,Highlands Ranch,CO,80126,3650,https://www.zillow.com/homedetails/10143-Meadowbriar-Ln-Highlands-Ranch-CO-80126/13445934_zpid/
House for rent,"10616 Cherrybrook Cir, Highlands Ranch, CO 80126",2195,10616 Cherrybrook Cir,Highlands Ranch,CO,80126,1918,https://www.zillow.com/homedetails/10616-Cherrybrook-Cir-Highlands-Ranch-CO-80126/52457343_zpid/
House for rent,"10868 Trotwood Way, Highlands Ranch, CO 80126",2695,10868 Trotwood Way,Highlands Ranch,CO,80126,4071,https://www.zillow.com/homedetails/10868-Trotwood-Way-Highlands-Ranch-CO-80126/55811653_zpid/
House for rent,"2218 Hyacinth Rd, Highlands Ranch, CO 80129",2700,2218 Hyacinth Rd,Highlands Ranch,CO,80129,3048,https://www.zillow.com/homedetails/2218-Hyacinth-Rd-Highlands-Ranch-CO-80129/13449205_zpid/
House for rent,"503 Winterthur Way, Highlands Ranch, CO 80129",2500,503 Winterthur Way,Highlands Ranch,CO,80129,3670,https://www.zillow.com/homedetails/503-Winterthur-Way-Highlands-Ranch-CO-80129/13448008_zpid/
House for rent,"1023 Mulberry Ln, Highlands Ranch, CO 80129",2200,1023 Mulberry Ln,Highlands Ranch,CO,80129,1940,https://www.zillow.com/homedetails/1023-Mulberry-Ln-Highlands-Ranch-CO-80129/13441424_zpid/
House for rent,"2567 Foothills Canyon Ct, Highlands Ranch, CO 80129",2400,2567 Foothills Canyon Ct,Highlands Ranch,CO,80129,1800,https://www.zillow.com/homedetails/2567-Foothills-Canyon-Ct-Highlands-Ranch-CO-80129/13439389_zpid/
Townhouse for rent,"8872 Edinburgh Cir, Highlands Ranch, CO 80129",2450,8872 Edinburgh Cir,Highlands Ranch,CO,80129,1852,https://www.zillow.com/homedetails/8872-Edinburgh-Cir-Highlands-Ranch-CO-80129/52457098_zpid/
House for rent,"9451 Desert Willow Trl, Highlands Ranch, CO 80129",3150,9451 Desert Willow Trl,Highlands Ranch,CO,80129,3767,https://www.zillow.com/homedetails/9451-Desert-Willow-Trl-Highlands-Ranch-CO-80129/13440391_zpid/
House for rent,"10179 Woodrose Ln, Highlands Ranch, CO 80129",2500,10179 Woodrose Ln,Highlands Ranch,CO,80129,2700,https://www.zillow.com/homedetails/10179-Woodrose-Ln-Highlands-Ranch-CO-80129/13450197_zpid/
House for rent,"9365 Wolfe Pl, Highlands Ranch, CO 80129",2650,9365 Wolfe Pl,Highlands Ranch,CO,80129,2250,https://www.zillow.com/homedetails/9365-Wolfe-Pl-Highlands-Ranch-CO-80129/13440270_zpid/
House for rent,"538 English Sparrow Trl, Highlands Ranch, CO 80129",2795,538 English Sparrow Trl,Highlands Ranch,CO,80129,2409,https://www.zillow.com/homedetails/538-English-Sparrow-Trl-Highlands-Ranch-CO-80129/13448123_zpid/
House for rent,"9372 Painted Canyon Cir, Highlands Ranch, CO 80129",2895,9372 Painted Canyon Cir,Highlands Ranch,CO,80129,2354,https://www.zillow.com/homedetails/9372-Painted-Canyon-Cir-Highlands-Ranch-CO-80129/13439617_zpid/
House for rent,"10560 Hyacinth Pl, Highlands Ranch, CO 80129",2600,10560 Hyacinth Pl,Highlands Ranch,CO,80129,2100,https://www.zillow.com/homedetails/10560-Hyacinth-Pl-Highlands-Ranch-CO-80129/13450874_zpid/
House for rent,"9336 S Wolfe St, Littleton, CO 80129",2195,9336 S Wolfe St,Littleton,CO,80129,1649,https://www.zillow.com/homedetails/9336-S-Wolfe-St-Littleton-CO-80129/2078151832_zpid/
Townhouse for rent,"1384 Carlyle Park Cir, Highlands Ranch, CO 80129",2225,1384 Carlyle Park Cir,Highlands Ranch,CO,80129,1566,https://www.zillow.com/homedetails/1384-Carlyle-Park-Cir-Highlands-Ranch-CO-80129/13439766_zpid/
House for rent,"9822 Goldfinch Ln, Highlands Ranch, CO 80129",2375,9822 Goldfinch Ln,Highlands Ranch,CO,80129,2458,https://www.zillow.com/homedetails/9822-Goldfinch-Ln-Highlands-Ranch-CO-80129/13438882_zpid/
Townhouse for rent,"1252 Carlyle Park Cir, Highlands Ranch, CO 80129",1940,1252 Carlyle Park Cir,Highlands Ranch,CO,80129,1500,https://www.zillow.com/homedetails/1252-Carlyle-Park-Cir-Highlands-Ranch-CO-80129/52457182_zpid/
Townhouse for rent,"625 W Burgundy St Unit B, Highlands Ranch, CO 80129",2400,625 W Burgundy St UNIT B,Highlands Ranch,CO,80129,1583,https://www.zillow.com/homedetails/625-W-Burgundy-St-UNIT-B-Highlands-Ranch-CO-80129/67455532_zpid/
House for rent,"1390 Braewood Ave, Highlands Ranch, CO 80129",2395,1390 Braewood Ave,Highlands Ranch,CO,80129,1691,https://www.zillow.com/homedetails/1390-Braewood-Ave-Highlands-Ranch-CO-80129/13440992_zpid/
House for rent,"1058 Thornbury Pl, Highlands Ranch, CO 80129",3250,1058 Thornbury Pl,Highlands Ranch,CO,80129,2642,https://www.zillow.com/homedetails/1058-Thornbury-Pl-Highlands-Ranch-CO-80129/13448731_zpid/
House for rent,"9496 Cove Creek Dr, Highlands Ranch, CO 80129",2450,9496 Cove Creek Dr,Highlands Ranch,CO,80129,2593,https://www.zillow.com/homedetails/9496-Cove-Creek-Dr-Highlands-Ranch-CO-80129/13438299_zpid/
House for rent,"1149 Timbervale Trl, Highlands Ranch, CO 80129",2250,1149 Timbervale Trl,Highlands Ranch,CO,80129,1748,https://www.zillow.com/homedetails/1149-Timbervale-Trl-Highlands-Ranch-CO-80129/13441335_zpid/
House for rent,"10307 Woodrose Ln, Highlands Ranch, CO 80129",2695,10307 Woodrose Ln,Highlands Ranch,CO,80129,1731,https://www.zillow.com/homedetails/10307-Woodrose-Ln-Highlands-Ranch-CO-80129/13450833_zpid/
House for rent,"2527 Channel Dr, Highlands Ranch, CO 80129",2995,2527 Channel Dr,Highlands Ranch,CO,80129,1800,https://www.zillow.com/homedetails/2527-Channel-Dr-Highlands-Ranch-CO-80129/249984518_zpid/
Townhouse for rent,"158 Whitehaven Cir, Highlands Ranch, CO 80129",2500,158 Whitehaven Cir,Highlands Ranch,CO,80129,1500,https://www.zillow.com/homedetails/158-Whitehaven-Cir-Highlands-Ranch-CO-80129/55811471_zpid/
House for rent,"3276 Blue Grass Cir, Castle Rock, CO 80109",2500,3276 Blue Grass Cir,Castle Rock,CO,80109,2246,https://www.zillow.com/homedetails/3276-Blue-Grass-Cir-Castle-Rock-CO-80109/13484638_zpid/
House for rent,"2757 Poplar Grove Pl, Castle Rock, CO 80109",2195,2757 Poplar Grove Pl,Castle Rock,CO,80109,1945,https://www.zillow.com/homedetails/2757-Poplar-Grove-Pl-Castle-Rock-CO-80109/52460717_zpid/
House for rent,"2703 Deerfoot Way, Castle Rock, CO 80109",2650,2703 Deerfoot Way,Castle Rock,CO,80109,2344,https://www.zillow.com/homedetails/2703-Deerfoot-Way-Castle-Rock-CO-80109/108384887_zpid/
Townhouse for rent,"1463 Bergen Rock St, Castle Rock, CO 80109",1750,1463 Bergen Rock St,Castle Rock,CO,80109,1460,https://www.zillow.com/homedetails/1463-Bergen-Rock-St-Castle-Rock-CO-80109/55814843_zpid/
House for rent,"2155 Trailblazer Way, Castle Rock, CO 80109",3200,2155 Trailblazer Way,Castle Rock,CO,80109,4072,https://www.zillow.com/homedetails/2155-Trailblazer-Way-Castle-Rock-CO-80109/82026290_zpid/
House for rent,"3160 Black Canyon Way, Castle Rock, CO 80109",2250,3160 Black Canyon Way,Castle Rock,CO,80109,1456,https://www.zillow.com/homedetails/3160-Black-Canyon-Way-Castle-Rock-CO-80109/108386186_zpid/
House for rent,"3553 Corsica Way, Castle Rock, CO 80109",2300,3553 Corsica Way,Castle Rock,CO,80109,1790,https://www.zillow.com/homedetails/3553-Corsica-Way-Castle-Rock-CO-80109/249983721_zpid/
House for rent,"2259 Quartz St, Castle Rock, CO 80109",2395,2259 Quartz St,Castle Rock,CO,80109,2299,https://www.zillow.com/homedetails/2259-Quartz-St-Castle-Rock-CO-80109/82241283_zpid/
Townhouse for rent,"4380 N Meadows Dr, Castle Rock, CO 80109",2300,4380 N Meadows Dr,Castle Rock,CO,80109,1842,https://www.zillow.com/homedetails/4380-N-Meadows-Dr-Castle-Rock-CO-80109/124169075_zpid/
House for rent,"3438 Sky Church Dr, Castle Rock, CO 80109",2700,3438 Sky Church Dr,Castle Rock,CO,80109,2324,https://www.zillow.com/homedetails/3438-Sky-Church-Dr-Castle-Rock-CO-80109/98970216_zpid/
House for rent,"2601 Bellavista St, Castle Rock, CO 80109",3125,2601 Bellavista St,Castle Rock,CO,80109,3560,https://www.zillow.com/homedetails/2601-Bellavista-St-Castle-Rock-CO-80109/108382109_zpid/
House for rent,"2075 Quartz St, Castle Rock, CO 80109",2250,2075 Quartz St,Castle Rock,CO,80109,1800,https://www.zillow.com/homedetails/2075-Quartz-St-Castle-Rock-CO-80109/82020193_zpid/
House for rent,"2434 Broadleaf Loop, Castle Rock, CO 80109",2550,2434 Broadleaf Loop,Castle Rock,CO,80109,1860,https://www.zillow.com/homedetails/2434-Broadleaf-Loop-Castle-Rock-CO-80109/108380980_zpid/
Townhouse for rent,"3406 Emily St, Castle Rock, CO 80109",2350,3406 Emily St,Castle Rock,CO,80109,1754,https://www.zillow.com/homedetails/3406-Emily-St-Castle-Rock-CO-80109/300014781_zpid/
House for rent,"3028 Trailblazer Way, Castle Rock, CO 80109",3265,3028 Trailblazer Way,Castle Rock,CO,80109,3890,https://www.zillow.com/homedetails/3028-Trailblazer-Way-Castle-Rock-CO-80109/108399997_zpid/
House for rent,"2854 Night Song Way, Castle Rock, CO 80109",2695,2854 Night Song Way,Castle Rock,CO,80109,2477,https://www.zillow.com/homedetails/2854-Night-Song-Way-Castle-Rock-CO-80109/87807795_zpid/
House for rent,"3328 Starry Night Loop, Castle Rock, CO 80109",3300,3328 Starry Night Loop,Castle Rock,CO,80109,2531,https://www.zillow.com/homedetails/3328-Starry-Night-Loop-Castle-Rock-CO-80109/98970239_zpid/
House for rent,"2274 Quartz St, Castle Rock, CO 80109",2175,2274 Quartz St,Castle Rock,CO,80109,1981,https://www.zillow.com/homedetails/2274-Quartz-St-Castle-Rock-CO-80109/82025136_zpid/
House for rent,"2128 Quartz St, Castle Rock, CO 80109",2645,2128 Quartz St,Castle Rock,CO,80109,2315,https://www.zillow.com/homedetails/2128-Quartz-St-Castle-Rock-CO-80109/82021879_zpid/
House for rent,"4116 Miners Candle Dr, Castle Rock, CO 80109",2300,4116 Miners Candle Dr,Castle Rock,CO,80109,1657,https://www.zillow.com/homedetails/4116-Miners-Candle-Dr-Castle-Rock-CO-80109/52460727_zpid/
House for rent,"4224 Miners Candle Pl, Castle Rock, CO 80109",2450,4224 Miners Candle Pl,Castle Rock,CO,80109,1652,https://www.zillow.com/homedetails/4224-Miners-Candle-Pl-Castle-Rock-CO-80109/52460697_zpid/
House for rent,"4834 Sunridge Terrace Dr, Castle Rock, CO 80109",3165,4834 Sunridge Terrace Dr,Castle Rock,CO,80109,2002,https://www.zillow.com/homedetails/4834-Sunridge-Terrace-Dr-Castle-Rock-CO-80109/13486019_zpid/
Townhouse for rent,"2915 Mount Royal Dr, Castle Rock, CO 80104",2300,2915 Mount Royal Dr,Castle Rock,CO,80104,2952,https://www.zillow.com/homedetails/2915-Mount-Royal-Dr-Castle-Rock-CO-80104/52462186_zpid/
House for rent,"4980 Northbrook Ave, Castle Rock, CO 80104",2500,4980 Northbrook Ave,Castle Rock,CO,80104,2749,https://www.zillow.com/homedetails/4980-Northbrook-Ave-Castle-Rock-CO-80104/13495405_zpid/
Condo for rent,"479 Black Feather Loop Apt 319, Castle Rock, CO 80104",1700,479 Black Feather Loop APT 319,Castle Rock,CO,80104,1321,https://www.zillow.com/homedetails/479-Black-Feather-Loop-APT-319-Castle-Rock-CO-80104/63390006_zpid/
House for rent,"651 Branding Iron Ln, Castle Rock, CO 80104",2495,651 Branding Iron Ln,Castle Rock,CO,80104,1967,https://www.zillow.com/homedetails/651-Branding-Iron-Ln-Castle-Rock-CO-80104/13486245_zpid/
Townhouse for rent,"6079 Raleigh Cir, Castle Rock, CO 80104",2150,6079 Raleigh Cir,Castle Rock,CO,80104,2016,https://www.zillow.com/homedetails/6079-Raleigh-Cir-Castle-Rock-CO-80104/67452033_zpid/
House for rent,"5236 E Hamilton Ave, Castle Rock, CO 80104",2700,5236 E Hamilton Ave,Castle Rock,CO,80104,1700,https://www.zillow.com/homedetails/5236-E-Hamilton-Ave-Castle-Rock-CO-80104/13495034_zpid/
House for rent,"3986 Donnington Cir, Castle Rock, CO 80104",2800,3986 Donnington Cir,Castle Rock,CO,80104,2036,https://www.zillow.com/homedetails/3986-Donnington-Cir-Castle-Rock-CO-80104/102958684_zpid/
House for rent,"6703 Turnstone Ave, Castle Rock, CO 80104",2400,6703 Turnstone Ave,Castle Rock,CO,80104,1928,https://www.zillow.com/homedetails/6703-Turnstone-Ave-Castle-Rock-CO-80104/62810549_zpid/
House for rent,"3657 Rawhide Cir, Castle Rock, CO 80104",2250,3657 Rawhide Cir,Castle Rock,CO,80104,1738,https://www.zillow.com/homedetails/3657-Rawhide-Cir-Castle-Rock-CO-80104/13486608_zpid/
House for rent,"4616 E Bennington Ave, Castle Rock, CO 80104",2595,4616 E Bennington Ave,Castle Rock,CO,80104,2346,https://www.zillow.com/homedetails/4616-E-Bennington-Ave-Castle-Rock-CO-80104/2078053676_zpid/
House for rent,"3427 Cade Ct, Castle Rock, CO 80104",2800,3427 Cade Ct,Castle Rock,CO,80104,1831,https://www.zillow.com/homedetails/3427-Cade-Ct-Castle-Rock-CO-80104/249984960_zpid/
House for rent,"206 Rockaway Ave, Castle Rock, CO 80104",2250,206 Rockaway Ave,Castle Rock,CO,80104,1800,https://www.zillow.com/homedetails/206-Rockaway-Ave-Castle-Rock-CO-80104/13494167_zpid/
House for rent,"312 Lewis St, Castle Rock, CO 80104",2700,312 Lewis St,Castle Rock,CO,80104,1600,https://www.zillow.com/homedetails/312-Lewis-St-Castle-Rock-CO-80104/13490663_zpid/
House for rent,"5858 Point Rider Cir, Castle Rock, CO 80104",3499,5858 Point Rider Cir,Castle Rock,CO,80104,2974,https://www.zillow.com/homedetails/5858-Point-Rider-Cir-Castle-Rock-CO-80104/242034759_zpid/
House for rent,"1232 N Calhan Ave, Castle Rock, CO 80104",2595,1232 N Calhan Ave,Castle Rock,CO,80104,2100,https://www.zillow.com/homedetails/1232-N-Calhan-Ave-Castle-Rock-CO-80104/13493495_zpid/
House for rent,"399 Balsa Dr, Castle Rock, CO 80104",2300,399 Balsa Dr,Castle Rock,CO,80104,2342,https://www.zillow.com/homedetails/399-Balsa-Dr-Castle-Rock-CO-80104/13492395_zpid/
Condo for rent,"532 Oakwood Dr Apt A207, Castle Rock, CO 80104",1100,532 Oakwood Dr APT A207,Castle Rock,CO,80104,719,https://www.zillow.com/homedetails/532-Oakwood-Dr-APT-A207-Castle-Rock-CO-80104/55814604_zpid/
House for rent,"1490 Royal Troon Dr, Castle Rock, CO 80104",2000,1490 Royal Troon Dr,Castle Rock,CO,80104,1812,https://www.zillow.com/homedetails/1490-Royal-Troon-Dr-Castle-Rock-CO-80104/62810470_zpid/
House for rent,"5603 E Monument Dr, Castle Rock, CO 80104",2325,5603 E Monument Dr,Castle Rock,CO,80104,1928,https://www.zillow.com/homedetails/5603-E-Monument-Dr-Castle-Rock-CO-80104/13493403_zpid/
House for rent,"3391 Scaup Trl, Castle Rock, CO 80104",2395,3391 Scaup Trl,Castle Rock,CO,80104,2263,https://www.zillow.com/homedetails/3391-Scaup-Trl-Castle-Rock-CO-80104/242033507_zpid/
Townhouse for rent,"861 Rock Mesa Point, Castle Rock, CO 80108",2400,861 Rock Mesa Point,Castle Rock,CO,80108,1742,https://www.zillow.com/homedetails/861-Rock-Mesa-Point-Castle-Rock-CO-80108/82022361_zpid/
Townhouse for rent,"7177 Finsberry Way, Castle Pines, CO 80108",2750,7177 Finsberry Way,Castle Pines,CO,80108,2008,https://www.zillow.com/homedetails/7177-Finsberry-Way-Castle-Pines-CO-80108/249985669_zpid/
House for rent,"8403 Briar Trace Dr, Castle Pines, CO 80108",3225,8403 Briar Trace Dr,Castle Pines,CO,80108,2794,https://www.zillow.com/homedetails/8403-Briar-Trace-Dr-Castle-Pines-CO-80108/52459027_zpid/
House for rent,"8312 Briar Haven Pl, Castle Pines, CO 80108",2900,8312 Briar Haven Pl,Castle Pines,CO,80108,2496,https://www.zillow.com/homedetails/8312-Briar-Haven-Pl-Castle-Pines-CO-80108/52459040_zpid/
House for rent,"3926 White Rose St, Castle Rock, CO 80108",3000,3926 White Rose St,Castle Rock,CO,80108,2249,https://www.zillow.com/homedetails/3926-White-Rose-St-Castle-Rock-CO-80108/242035132_zpid/
House for rent,"1538 Sidewinder Cir, Castle Rock, CO 80108",2950,1538 Sidewinder Cir,Castle Rock,CO,80108,2907,https://www.zillow.com/homedetails/1538-Sidewinder-Cir-Castle-Rock-CO-80108/125975994_zpid/
House for rent,"179 Dover Ct, Castle Pines, CO 80108",3195,179 Dover Ct,Castle Pines,CO,80108,3125,https://www.zillow.com/homedetails/179-Dover-Ct-Castle-Pines-CO-80108/13482788_zpid/
House for rent,"7425 Shoreham Dr, Castle Pines, CO 80108",3175,7425 Shoreham Dr,Castle Pines,CO,80108,3063,https://www.zillow.com/homedetails/7425-Shoreham-Dr-Castle-Pines-CO-80108/13482546_zpid/
House for rent,"Sabino Ln, Castle Rock, CO 80108",2900,Sabino Ln,Castle Rock,CO,80108,3000,https://www.zillow.com/homedetails/Sabino-Ln-Castle-Rock-CO-80108/2078516118_zpid/
Townhouse for rent,"4775 Drowsy Water Rd, Castle Rock, CO 80108",2100,4775 Drowsy Water Rd,Castle Rock,CO,80108,1433,https://www.zillow.com/homedetails/4775-Drowsy-Water-Rd-Castle-Rock-CO-80108/67453793_zpid/
Townhouse for rent,"650 Reid Pl, Castle Rock, CO 80108",2350,650 Reid Pl,Castle Rock,CO,80108,1760,https://www.zillow.com/homedetails/650-Reid-Pl-Castle-Rock-CO-80108/67453590_zpid/
House for rent,"6824 Diamond Ridge Pkwy, Castle Rock, CO 80108",5500,6824 Diamond Ridge Pkwy,Castle Rock,CO,80108,7250,https://www.zillow.com/homedetails/6824-Diamond-Ridge-Pkwy-Castle-Rock-CO-80108/82023591_zpid/
Townhouse for rent,"8017 S Columbine Ct, Centennial, CO 80122",1850,8017 S Columbine Ct,Centennial,CO,80122,1500,https://www.zillow.com/homedetails/8017-S-Columbine-Ct-Centennial-CO-80122/13173500_zpid/
Condo for rent,"2710 E Otero Pl Unit 6, Centennial, CO 80122",1600,2710 E Otero Pl UNIT 6,Centennial,CO,80122,981,https://www.zillow.com/homedetails/2710-E-Otero-Pl-UNIT-6-Centennial-CO-80122/58883712_zpid/
Townhouse for rent,"5555 E Briarwood Ave Apt 504, Centennial, CO 80122",2250,5555 E Briarwood Ave APT 504,Centennial,CO,80122,1864,https://www.zillow.com/homedetails/5555-E-Briarwood-Ave-APT-504-Centennial-CO-80122/54647957_zpid/
Townhouse for rent,"2567 E Geddes Pl, Centennial, CO 80122",2250,2567 E Geddes Pl,Centennial,CO,80122,2028,https://www.zillow.com/homedetails/2567-E-Geddes-Pl-Centennial-CO-80122/13162210_zpid/
House for rent,"4886 E Costilla Pl, Centennial, CO 80122",2975,4886 E Costilla Pl,Centennial,CO,80122,2654,https://www.zillow.com/homedetails/4886-E-Costilla-Pl-Centennial-CO-80122/13135984_zpid/
House for rent,"6941 S Ash Cir, Centennial, CO 80122",2295,6941 S Ash Cir,Centennial,CO,80122,2293,https://www.zillow.com/homedetails/6941-S-Ash-Cir-Centennial-CO-80122/13136750_zpid/
Townhouse for rent,"6957 S Knolls Way, Centennial, CO 80122",1700,6957 S Knolls Way,Centennial,CO,80122,1350,https://www.zillow.com/homedetails/6957-S-Knolls-Way-Centennial-CO-80122/13161582_zpid/
House for rent,"8294 S Fillmore Way, Centennial, CO 80122",1650,8294 S Fillmore Way,Centennial,CO,80122,1100,https://www.zillow.com/homedetails/8294-S-Fillmore-Way-Centennial-CO-80122/13173648_zpid/
House for rent,"6936 S Ogden Ct, Centennial, CO 80122",2600,6936 S Ogden Ct,Centennial,CO,80122,3068,https://www.zillow.com/homedetails/6936-S-Ogden-Ct-Centennial-CO-80122/13163222_zpid/
House for rent,"7012 S Eudora St, Centennial, CO 80122",2680,7012 S Eudora St,Centennial,CO,80122,2631,https://www.zillow.com/homedetails/7012-S-Eudora-St-Centennial-CO-80122/13136036_zpid/
Townhouse for rent,"534 E Highline Cir, Centennial, CO 80122",1850,534 E Highline Cir,Centennial,CO,80122,1552,https://www.zillow.com/homedetails/534-E-Highline-Cir-Centennial-CO-80122/13164929_zpid/
House for rent,"4706 E Hinsdale Pl, Centennial, CO 80122",2400,4706 E Hinsdale Pl,Centennial,CO,80122,2000,https://www.zillow.com/homedetails/4706-E-Hinsdale-Pl-Centennial-CO-80122/13137278_zpid/
House for rent,"4393 E Phillips Pl, Centennial, CO 80122",3895,4393 E Phillips Pl,Centennial,CO,80122,4092,https://www.zillow.com/homedetails/4393-E-Phillips-Pl-Centennial-CO-80122/13138377_zpid/
Townhouse for rent,"7689 S Cove Cir, Centennial, CO 80122",1995,7689 S Cove Cir,Centennial,CO,80122,1447,https://www.zillow.com/homedetails/7689-S-Cove-Cir-Centennial-CO-80122/13173070_zpid/
House for rent,"8280 S Albion St, Centennial, CO 80122",4000,8280 S Albion St,Centennial,CO,80122,4139,https://www.zillow.com/homedetails/8280-S-Albion-St-Centennial-CO-80122/13138369_zpid/
House for rent,"1372 E Dry Creek Pl, Centennial, CO 80122",2850,1372 E Dry Creek Pl,Centennial,CO,80122,2462,https://www.zillow.com/homedetails/1372-E-Dry-Creek-Pl-Centennial-CO-80122/13171193_zpid/
Condo for rent,"100 E Highline Cir Unit 107, Centennial, CO 80122",1150,100 E Highline Cir UNIT 107,Centennial,CO,80122,720,https://www.zillow.com/homedetails/100-E-Highline-Cir-UNIT-107-Centennial-CO-80122/13164696_zpid/
Townhouse for rent,"E Highline Cir, Centennial, CO 80122",1595,E Highline Cir,Centennial,CO,80122,1450,https://www.zillow.com/homedetails/E-Highline-Cir-Centennial-CO-80122/2090480871_zpid/
Townhouse for rent,"2682 E Easter Ave, Centennial, CO 80122",1850,2682 E Easter Ave,Centennial,CO,80122,1334,https://www.zillow.com/homedetails/2682-E-Easter-Ave-Centennial-CO-80122/13161635_zpid/
House for rent,"12800 Fisher Ln, Englewood, CO 80112",3300,12800 Fisher Ln,Englewood,CO,80112,3114,https://www.zillow.com/homedetails/12800-Fisher-Ln-Englewood-CO-80112/119232053_zpid/
House for rent,"8196 S Willow St, Centennial, CO 80112",2750,8196 S Willow St,Centennial,CO,80112,2350,https://www.zillow.com/homedetails/8196-S-Willow-St-Centennial-CO-80112/13141935_zpid/
House for rent,"7948 S Kittredge St, Englewood, CO 80112",2250,7948 S Kittredge St,Englewood,CO,80112,1650,https://www.zillow.com/homedetails/7948-S-Kittredge-St-Englewood-CO-80112/58884666_zpid/
Townhouse for rent,"Mayfair Way, Englewood, CO 80112",1750,Mayfair Way,Englewood,CO,80112,1082,https://www.zillow.com/homedetails/Mayfair-Way-Englewood-CO-80112/2080301467_zpid/
House for rent,"7090 S Uinta St, Centennial, CO 80112",2300,7090 S Uinta St,Centennial,CO,80112,1776,https://www.zillow.com/homedetails/7090-S-Uinta-St-Centennial-CO-80112/13133212_zpid/
Townhouse for rent,"7153 E Dry Creek Cir, Centennial, CO 80112",1800,7153 E Dry Creek Cir,Centennial,CO,80112,1396,https://www.zillow.com/homedetails/7153-E-Dry-Creek-Cir-Centennial-CO-80112/13138997_zpid/
Townhouse for rent,"9030 E Phillips Pl, Englewood, CO 80112",2400,9030 E Phillips Pl,Englewood,CO,80112,1777,https://www.zillow.com/homedetails/9030-E-Phillips-Pl-Englewood-CO-80112/2078025132_zpid/
House for rent,"7067 E Briarwood Dr, Centennial, CO 80112",1850,7067 E Briarwood Dr,Centennial,CO,80112,1408,https://www.zillow.com/homedetails/7067-E-Briarwood-Dr-Centennial-CO-80112/13134602_zpid/
Townhouse for rent,"7009 E Briarwood Cir, Centennial, CO 80112",2345,7009 E Briarwood Cir,Centennial,CO,80112,2068,https://www.zillow.com/homedetails/7009-E-Briarwood-Cir-Centennial-CO-80112/13134765_zpid/
Townhouse for rent,"8985 E Nichols Pl, Centennial, CO 80112",2299,8985 E Nichols Pl,Centennial,CO,80112,1577,https://www.zillow.com/homedetails/8985-E-Nichols-Pl-Centennial-CO-80112/98345283_zpid/
House for rent,"7384 E Mineral Pl, Centennial, CO 80112",3200,7384 E Mineral Pl,Centennial,CO,80112,2275,https://www.zillow.com/homedetails/7384-E-Mineral-Pl-Centennial-CO-80112/13141275_zpid/
House for rent,"7643 S Monaco Cir W, Centennial, CO 80112",2575,7643 S Monaco Cir W,Centennial,CO,80112,1598,https://www.zillow.com/homedetails/7643-S-Monaco-Cir-W-Centennial-CO-80112/13139098_zpid/
House for rent,"16494 E Phillips Pl, Englewood, CO 80112",2595,16494 E Phillips Pl,Englewood,CO,80112,4108,https://www.zillow.com/homedetails/16494-E-Phillips-Pl-Englewood-CO-80112/58884969_zpid/
House for rent,"7443 E Long Ave, Centennial, CO 80112",2800,7443 E Long Ave,Centennial,CO,80112,2928,https://www.zillow.com/homedetails/7443-E-Long-Ave-Centennial-CO-80112/13141135_zpid/
House for rent,"7450 S Ivy Way, Centennial, CO 80112",2400,7450 S Ivy Way,Centennial,CO,80112,2460,https://www.zillow.com/homedetails/7450-S-Ivy-Way-Centennial-CO-80112/13135302_zpid/
Condo for rent,"7440 S Blackhawk St Unit 8203, Englewood, CO 80112",1495,7440 S Blackhawk St UNIT 8203,Englewood,CO,80112,1056,https://www.zillow.com/homedetails/7440-S-Blackhawk-St-UNIT-8203-Englewood-CO-80112/61207982_zpid/
House for rent,"7024 S Spruce Dr E, Centennial, CO 80112",2600,7024 S Spruce Dr E,Centennial,CO,80112,1750,https://www.zillow.com/homedetails/7024-S-Spruce-Dr-E-Centennial-CO-80112/13133145_zpid/
Townhouse for rent,"7811 S Kalispell Cir, Englewood, CO 80112",1900,7811 S Kalispell Cir,Englewood,CO,80112,1400,https://www.zillow.com/homedetails/7811-S-Kalispell-Cir-Englewood-CO-80112/58769986_zpid/
Condo for rent,"7200 S Blackhawk St Unit 201, Englewood, CO 80112",1850,7200 S Blackhawk St UNIT 201,Englewood,CO,80112,1800,https://www.zillow.com/homedetails/7200-S-Blackhawk-St-UNIT-201-Englewood-CO-80112/89168299_zpid/
Townhouse for rent,"7815 Vallagio Ln, Englewood, CO 80112",2675,7815 Vallagio Ln,Englewood,CO,80112,1923,https://www.zillow.com/homedetails/7815-Vallagio-Ln-Englewood-CO-80112/81886410_zpid/
House for rent,"7644 S Rosemary Cir, Centennial, CO 80112",2750,7644 S Rosemary Cir,Centennial,CO,80112,2237,https://www.zillow.com/homedetails/7644-S-Rosemary-Cir-Centennial-CO-80112/13140781_zpid/
House for rent,"7133 S Poplar St, Centennial, CO 80112",2475,7133 S Poplar St,Centennial,CO,80112,2324,https://www.zillow.com/homedetails/7133-S-Poplar-St-Centennial-CO-80112/13135793_zpid/
Condo for rent,"7440 S Blackhawk St Unit 10104, Englewood, CO 80112",2450,7440 S Blackhawk St UNIT 10104,Englewood,CO,80112,1056,https://www.zillow.com/homedetails/7440-S-Blackhawk-St-UNIT-10104-Englewood-CO-80112/61208139_zpid/
Condo for rent,"15700 E Jamison Dr Unit 1304, Englewood, CO 80112",1600,15700 E Jamison Dr UNIT 1304,Englewood,CO,80112,1037,https://www.zillow.com/homedetails/15700-E-Jamison-Dr-UNIT-1304-Englewood-CO-80112/64537078_zpid/
Townhouse for rent,"7949 S Kittredge Way, Englewood, CO 80112",2000,7949 S Kittredge Way,Englewood,CO,80112,1400,https://www.zillow.com/homedetails/7949-S-Kittredge-Way-Englewood-CO-80112/58884678_zpid/
House for rent,"16473 E Otero Pl, Englewood, CO 80112",2795,16473 E Otero Pl,Englewood,CO,80112,3225,https://www.zillow.com/homedetails/16473-E-Otero-Pl-Englewood-CO-80112/58885032_zpid/
House for rent,"5566 W Hinsdale Pl, Littleton, CO 80128",2900,5566 W Hinsdale Pl,Littleton,CO,80128,3000,https://www.zillow.com/homedetails/5566-W-Hinsdale-Pl-Littleton-CO-80128/13824311_zpid/
Condo for rent,"6705 S Field St Unit 817, Littleton, CO 80128",1425,6705 S Field St UNIT 817,Littleton,CO,80128,884,https://www.zillow.com/homedetails/6705-S-Field-St-UNIT-817-Littleton-CO-80128/13826648_zpid/
House for rent,"8000 S Estes St, Littleton, CO 80128",1920,8000 S Estes St,Littleton,CO,80128,3200,https://www.zillow.com/homedetails/8000-S-Estes-St-Littleton-CO-80128/13834383_zpid/
House for rent,"8337 W Morraine Dr, Littleton, CO 80128",3595,8337 W Morraine Dr,Littleton,CO,80128,3381,https://www.zillow.com/homedetails/8337-W-Morraine-Dr-Littleton-CO-80128/13835256_zpid/
House for rent,"7162 S Platte Canyon Dr, Littleton, CO 80128",2500,7162 S Platte Canyon Dr,Littleton,CO,80128,1800,https://www.zillow.com/homedetails/7162-S-Platte-Canyon-Dr-Littleton-CO-80128/13167750_zpid/
House for rent,"7091 S Webster St, Littleton, CO 80128",1850,7091 S Webster St,Littleton,CO,80128,1800,https://www.zillow.com/homedetails/7091-S-Webster-St-Littleton-CO-80128/13824795_zpid/
Condo for rent,"8318 S Independence Cir Unit 202, Littleton, CO 80128",1695,8318 S Independence Cir UNIT 202,Littleton,CO,80128,1357,https://www.zillow.com/homedetails/8318-S-Independence-Cir-UNIT-202-Littleton-CO-80128/54890650_zpid/
House for rent,"7907 S Depew St, Littleton, CO 80128",2150,7907 S Depew St,Littleton,CO,80128,1884,https://www.zillow.com/homedetails/7907-S-Depew-St-Littleton-CO-80128/13837385_zpid/
Townhouse for rent,"9681 W Chatfield Ave Unit D, Littleton, CO 80128",1795,9681 W Chatfield Ave UNIT D,Littleton,CO,80128,1300,https://www.zillow.com/homedetails/9681-W-Chatfield-Ave-UNIT-D-Littleton-CO-80128/130533723_zpid/
House for rent,"7060 S Polo Ridge Dr, Littleton, CO 80128",3700,7060 S Polo Ridge Dr,Littleton,CO,80128,2205,https://www.zillow.com/homedetails/7060-S-Polo-Ridge-Dr-Littleton-CO-80128/99623667_zpid/
House for rent,"8348 S Allison St, Littleton, CO 80128",1790,8348 S Allison St,Littleton,CO,80128,1500,https://www.zillow.com/homedetails/8348-S-Allison-St-Littleton-CO-80128/13842970_zpid/
House for rent,"8406 S Upham Way, Littleton, CO 80128",1900,8406 S Upham Way,Littleton,CO,80128,1698,https://www.zillow.com/homedetails/8406-S-Upham-Way-Littleton-CO-80128/13842449_zpid/
House for rent,"8896 W Roxbury Dr, Littleton, CO 80128",2695,8896 W Roxbury Dr,Littleton,CO,80128,1750,https://www.zillow.com/homedetails/8896-W-Roxbury-Dr-Littleton-CO-80128/13827808_zpid/
Townhouse for rent,"9525 W Coal Mine Ave Apt F, Littleton, CO 80123",1695,9525 W Coal Mine Ave APT F,Littleton,CO,80123,1508,https://www.zillow.com/homedetails/9525-W-Coal-Mine-Ave-APT-F-Littleton-CO-80123/13820736_zpid/
House for rent,"6124 S Field St, Littleton, CO 80123",2800,6124 S Field St,Littleton,CO,80123,2246,https://www.zillow.com/homedetails/6124-S-Field-St-Littleton-CO-80123/13819742_zpid/
Townhouse for rent,"5996 S Jellison St Apt B, Littleton, CO 80123",2250,5996 S Jellison St APT B,Littleton,CO,80123,1987,https://www.zillow.com/homedetails/5996-S-Jellison-St-APT-B-Littleton-CO-80123/13820221_zpid/
Condo for rent,"4899 S Dudley St Apt G20, Littleton, CO 80123",1395,4899 S Dudley St APT G20,Littleton,CO,80123,903,https://www.zillow.com/homedetails/4899-S-Dudley-St-APT-G20-Littleton-CO-80123/2084849649_zpid/
House for rent,"5645 S Lamar St, Denver, CO 80123",3100,5645 S Lamar St,Denver,CO,80123,3475,https://www.zillow.com/homedetails/5645-S-Lamar-St-Denver-CO-80123/13433335_zpid/
House for rent,"3481 W Berry Dr, Littleton, CO 80123",2295,3481 W Berry Dr,Littleton,CO,80123,2500,https://www.zillow.com/homedetails/3481-W-Berry-Dr-Littleton-CO-80123/13153165_zpid/
House for rent,"W Ponds Dr, Littleton, CO 80123",1400,W Ponds Dr,Littleton,CO,80123,1350,https://www.zillow.com/homedetails/W-Ponds-Dr-Littleton-CO-80123/2078127845_zpid/
Townhouse for rent,"2755 W Riverwalk Cir Unit C, Littleton, CO 80123",1850,2755 W Riverwalk Cir UNIT C,Littleton,CO,80123,1279,https://www.zillow.com/homedetails/2755-W-Riverwalk-Cir-UNIT-C-Littleton-CO-80123/58885608_zpid/
House for rent,"4952 S Iris St, Denver, CO 80123",2270,4952 S Iris St,Denver,CO,80123,1402,https://www.zillow.com/homedetails/4952-S-Iris-St-Denver-CO-80123/13431467_zpid/
House for rent,"7656 W Walker Dr, Littleton, CO 80123",2775,7656 W Walker Dr,Littleton,CO,80123,2184,https://www.zillow.com/homedetails/7656-W-Walker-Dr-Littleton-CO-80123/13821939_zpid/
House for rent,"6700 W Dorado Dr, Littleton, CO 80123",3250,6700 W Dorado Dr,Littleton,CO,80123,3500,https://www.zillow.com/homedetails/6700-W-Dorado-Dr-Littleton-CO-80123/2080640910_zpid/
House for rent,"1202 S Marshall Ct, Lakewood, CO 80232",2600,1202 S Marshall Ct,Lakewood,CO,80232,2070,https://www.zillow.com/homedetails/1202-S-Marshall-Ct-Lakewood-CO-80232/13786344_zpid/
House for rent,"1830 S Wadsworth Blvd, Lakewood, CO 80232",2895,1830 S Wadsworth Blvd,Lakewood,CO,80232,2200,https://www.zillow.com/homedetails/1830-S-Wadsworth-Blvd-Lakewood-CO-80232/13785055_zpid/
House for rent,"1667 S Holland Ct, Lakewood, CO 80232",2500,1667 S Holland Ct,Lakewood,CO,80232,2319,https://www.zillow.com/homedetails/1667-S-Holland-Ct-Lakewood-CO-80232/13782553_zpid/
House for rent,"1633 S Everett St, Lakewood, CO 80232",2550,1633 S Everett St,Lakewood,CO,80232,1901,https://www.zillow.com/homedetails/1633-S-Everett-St-Lakewood-CO-80232/13783202_zpid/
House for rent,"1622 S Cody St, Lakewood, CO 80232",2350,1622 S Cody St,Lakewood,CO,80232,2002,https://www.zillow.com/homedetails/1622-S-Cody-St-Lakewood-CO-80232/13782921_zpid/
House for rent,"1275 S Fenton St, Lakewood, CO 80232",3000,1275 S Fenton St,Lakewood,CO,80232,1092,https://www.zillow.com/homedetails/1275-S-Fenton-St-Lakewood-CO-80232/13785438_zpid/
Townhouse for rent,"10370 W Jewell Ave Apt B, Lakewood, CO 80232",2100,10370 W Jewell Ave APT B,Lakewood,CO,80232,1716,https://www.zillow.com/homedetails/10370-W-Jewell-Ave-APT-B-Lakewood-CO-80232/13791195_zpid/
Condo for rent,"10550 W Jewell Ave Apt 201, Lakewood, CO 80232",1800,10550 W Jewell Ave APT 201,Lakewood,CO,80232,1189,https://www.zillow.com/homedetails/10550-W-Jewell-Ave-APT-201-Lakewood-CO-80232/13791271_zpid/
House for rent,"1469 S Carr St, Lakewood, CO 80232",2120,1469 S Carr St,Lakewood,CO,80232,1300,https://www.zillow.com/homedetails/1469-S-Carr-St-Lakewood-CO-80232/13782108_zpid/
Townhouse for rent,"1819 S Union Blvd #d, Lakewood, CO 80228",1825,1819 S Union Blvd #D,Lakewood,CO,80228,1944,https://www.zillow.com/homedetails/1819-S-Union-Blvd-D-Lakewood-CO-80228/13780099_zpid/
House for rent,"15247 W Auburn Ave, Lakewood, CO 80228",3500,15247 W Auburn Ave,Lakewood,CO,80228,2925,https://www.zillow.com/homedetails/15247-W-Auburn-Ave-Lakewood-CO-80228/108395199_zpid/
House for rent,"2482 S Orion Cir, Denver, CO 80228",3000,2482 S Orion Cir,Denver,CO,80228,2085,https://www.zillow.com/homedetails/2482-S-Orion-Cir-Denver-CO-80228/2078632856_zpid/
House for rent,"984 S Vivian Ct, Lakewood, CO 80228",2875,984 S Vivian Ct,Lakewood,CO,80228,2308,https://www.zillow.com/homedetails/984-S-Vivian-Ct-Lakewood-CO-80228/13776786_zpid/
House for rent,"12843 W 3rd Pl, Lakewood, CO 80228",2600,12843 W 3rd Pl,Lakewood,CO,80228,2805,https://www.zillow.com/homedetails/12843-W-3rd-Pl-Lakewood-CO-80228/13765702_zpid/
House for rent,"13327 W Montana Pl, Lakewood, CO 80228",2200,13327 W Montana Pl,Lakewood,CO,80228,2000,https://www.zillow.com/homedetails/13327-W-Montana-Pl-Lakewood-CO-80228/13778261_zpid/
House for rent,"12067 W Virginia Dr, Lakewood, CO 80228",2295,12067 W Virginia Dr,Lakewood,CO,80228,2308,https://www.zillow.com/homedetails/12067-W-Virginia-Dr-Lakewood-CO-80228/13775396_zpid/
Condo for rent,"13349 W Alameda Pkwy Unit 401, Lakewood, CO 80228",3000,13349 W Alameda Pkwy UNIT 401,Lakewood,CO,80228,2100,https://www.zillow.com/homedetails/13349-W-Alameda-Pkwy-UNIT-401-Lakewood-CO-80228/54889832_zpid/
House for rent,"1954 S Xenon St, Lakewood, CO 80228",2250,1954 S Xenon St,Lakewood,CO,80228,1492,https://www.zillow.com/homedetails/1954-S-Xenon-St-Lakewood-CO-80228/13792184_zpid/
Townhouse for rent,"12472 W Nevada Pl #1, Denver, CO 80228",1295,12472 W Nevada Pl #1,Denver,CO,80228,680,https://www.zillow.com/homedetails/12472-W-Nevada-Pl-1-Denver-CO-80228/2078303563_zpid/
House for rent,"12189 W Alabama Pl, Lakewood, CO 80228",2050,12189 W Alabama Pl,Lakewood,CO,80228,2000,https://www.zillow.com/homedetails/12189-W-Alabama-Pl-Lakewood-CO-80228/13778572_zpid/
Condo for rent,"519 Wright St #2304, Denver, CO 80228",1380,519 Wright St #2304,Denver,CO,80228,712,https://www.zillow.com/homedetails/519-Wright-St-2304-Denver-CO-80228/2078461316_zpid/
House for rent,"2012 S Yank Way, Lakewood, CO 80228",2495,2012 S Yank Way,Lakewood,CO,80228,2574,https://www.zillow.com/homedetails/2012-S-Yank-Way-Lakewood-CO-80228/13792559_zpid/
Townhouse for rent,"465 S Oak St, Lakewood, CO 80226",2000,465 S Oak St,Lakewood,CO,80226,1944,https://www.zillow.com/homedetails/465-S-Oak-St-Lakewood-CO-80226/13773943_zpid/
House for rent,"415 S Balsam St, Lakewood, CO 80226",1940,415 S Balsam St,Lakewood,CO,80226,1400,https://www.zillow.com/homedetails/415-S-Balsam-St-Lakewood-CO-80226/13771671_zpid/
Townhouse for rent,"445 S Kipling St, Lakewood, CO 80226",1350,445 S Kipling St,Lakewood,CO,80226,950,https://www.zillow.com/homedetails/445-S-Kipling-St-Lakewood-CO-80226/13773642_zpid/
Townhouse for rent,"404 S Reed St, Lakewood, CO 80226",2400,404 S Reed St,Lakewood,CO,80226,2532,https://www.zillow.com/homedetails/404-S-Reed-St-Lakewood-CO-80226/68061010_zpid/
House for rent,"87 Flower St, Lakewood, CO 80226",3100,87 Flower St,Lakewood,CO,80226,3062,https://www.zillow.com/homedetails/87-Flower-St-Lakewood-CO-80226/13767568_zpid/
House for rent,"180 S Upham Ct, Lakewood, CO 80226",2200,180 S Upham Ct,Lakewood,CO,80226,2172,https://www.zillow.com/homedetails/180-S-Upham-Ct-Lakewood-CO-80226/119311741_zpid/
Townhouse for rent,"1067 S Yarrow St, Lakewood, CO 80226",995,1067 S Yarrow St,Lakewood,CO,80226,700,https://www.zillow.com/homedetails/1067-S-Yarrow-St-Lakewood-CO-80226/2134059793_zpid/
Condo for rent,"320 S Ames St Apt 1, Lakewood, CO 80226",1100,320 S Ames St APT 1,Lakewood,CO,80226,615,https://www.zillow.com/homedetails/320-S-Ames-St-APT-1-Lakewood-CO-80226/13770309_zpid/
Townhouse for rent,"812 S Vance St Apt D, Lakewood, CO 80226",1450,812 S Vance St APT D,Lakewood,CO,80226,740,https://www.zillow.com/homedetails/812-S-Vance-St-APT-D-Lakewood-CO-80226/13771992_zpid/
Townhouse for rent,"1020 S Teller St, Denver, CO 80226",1600,1020 S Teller St,Denver,CO,80226,1036,https://www.zillow.com/homedetails/1020-S-Teller-St-Denver-CO-80226/2078127519_zpid/
House for rent,"44 Garrison St, Denver, CO 80226",2250,44 Garrison St,Denver,CO,80226,1540,https://www.zillow.com/homedetails/44-Garrison-St-Denver-CO-80226/2078127906_zpid/
House for rent,"341 S Marshall St, Lakewood, CO 80226",2300,341 S Marshall St,Lakewood,CO,80226,1600,https://www.zillow.com/homedetails/341-S-Marshall-St-Lakewood-CO-80226/13770681_zpid/
House for rent,"70 S Dudley St, Lakewood, CO 80226",2400,70 S Dudley St,Lakewood,CO,80226,1568,https://www.zillow.com/homedetails/70-S-Dudley-St-Lakewood-CO-80226/13767424_zpid/
House for rent,"80 S Everett St, Lakewood, CO 80226",3000,80 S Everett St,Lakewood,CO,80226,2240,https://www.zillow.com/homedetails/80-S-Everett-St-Lakewood-CO-80226/13767487_zpid/
House for rent,"830 S Fenton St, Lakewood, CO 80226",2500,830 S Fenton St,Lakewood,CO,80226,1350,https://www.zillow.com/homedetails/830-S-Fenton-St-Lakewood-CO-80226/13771360_zpid/
Townhouse for rent,"648 S Yarrow St, Lakewood, CO 80226",2600,648 S Yarrow St,Lakewood,CO,80226,2071,https://www.zillow.com/homedetails/648-S-Yarrow-St-Lakewood-CO-80226/58768798_zpid/
House for rent,"10973 W Exposition Pl, Lakewood, CO 80226",1795,10973 W Exposition Pl,Lakewood,CO,80226,1508,https://www.zillow.com/homedetails/10973-W-Exposition-Pl-Lakewood-CO-80226/13774277_zpid/
House for rent,"172 S Cody St, Denver, CO 80226",2500,172 S Cody St,Denver,CO,80226,1750,https://www.zillow.com/homedetails/172-S-Cody-St-Denver-CO-80226/2078456576_zpid/
House for rent,"6192 W Bayaud Ave, Denver, CO 80226",2295,6192 W Bayaud Ave,Denver,CO,80226,1600,https://www.zillow.com/homedetails/6192-W-Bayaud-Ave-Denver-CO-80226/2078463615_zpid/
House for rent,"1077 S Johnson St, Lakewood, CO 80226",3195,1077 S Johnson St,Lakewood,CO,80226,2384,https://www.zillow.com/homedetails/1077-S-Johnson-St-Lakewood-CO-80226/13773112_zpid/
House for rent,"Dudley St, Lakewood, CO 80226",1800,Dudley St,Lakewood,CO,80226,1120,https://www.zillow.com/homedetails/Dudley-St-Lakewood-CO-80226/2084319180_zpid/
House for rent,"1567 S Richfield Way, Aurora, CO 80017",2550,1567 S Richfield Way,Aurora,CO,80017,2183,https://www.zillow.com/homedetails/1567-S-Richfield-Way-Aurora-CO-80017/13073996_zpid/
House for rent,"1589 S Salida Way, Aurora, CO 80017",1550,1589 S Salida Way,Aurora,CO,80017,1030,https://www.zillow.com/homedetails/1589-S-Salida-Way-Aurora-CO-80017/13073237_zpid/
Condo for rent,"467 S Memphis Way Apt 3, Aurora, CO 80017",995,467 S Memphis Way APT 3,Aurora,CO,80017,688,https://www.zillow.com/homedetails/467-S-Memphis-Way-APT-3-Aurora-CO-80017/13065170_zpid/
Condo for rent,"15402 E Arizona Ave Unit 201, Aurora, CO 80017",1500,15402 E Arizona Ave UNIT 201,Aurora,CO,80017,1040,https://www.zillow.com/homedetails/15402-E-Arizona-Ave-UNIT-201-Aurora-CO-80017/13071081_zpid/
Condo for rent,"15390 E Arizona Ave Unit 104, Aurora, CO 80017",1200,15390 E Arizona Ave UNIT 104,Aurora,CO,80017,794,https://www.zillow.com/homedetails/15390-E-Arizona-Ave-UNIT-104-Aurora-CO-80017/13071225_zpid/
House for rent,"911 S Kittredge Way, Aurora, CO 80017",2500,911 S Kittredge Way,Aurora,CO,80017,3000,https://www.zillow.com/homedetails/911-S-Kittredge-Way-Aurora-CO-80017/13065928_zpid/
Townhouse for rent,"1515 S Ouray Cir Unit B, Aurora, CO 80017",1450,1515 S Ouray Cir UNIT B,Aurora,CO,80017,1000,https://www.zillow.com/homedetails/1515-S-Ouray-Cir-UNIT-B-Aurora-CO-80017/13072355_zpid/
House for rent,"17818 E Mexico Dr, Aurora, CO 80017",2215,17818 E Mexico Dr,Aurora,CO,80017,1823,https://www.zillow.com/homedetails/17818-E-Mexico-Dr-Aurora-CO-80017/13074301_zpid/
Townhouse for rent,"18155 E Ohio Ave Apt 102, Aurora, CO 80017",1795,18155 E Ohio Ave APT 102,Aurora,CO,80017,1200,https://www.zillow.com/homedetails/18155-E-Ohio-Ave-APT-102-Aurora-CO-80017/13064583_zpid/
Townhouse for rent,"1681 S Idalia Cir Unit G, Aurora, CO 80017",1350,1681 S Idalia Cir UNIT G,Aurora,CO,80017,1000,https://www.zillow.com/homedetails/1681-S-Idalia-Cir-UNIT-G-Aurora-CO-80017/13071672_zpid/
Condo for rent,"15390 E Arizona Ave Unit 206, Aurora, CO 80017",995,15390 E Arizona Ave UNIT 206,Aurora,CO,80017,794,https://www.zillow.com/homedetails/15390-E-Arizona-Ave-UNIT-206-Aurora-CO-80017/13071235_zpid/
Townhouse for rent,"884 S Joplin Cir, Aurora, CO 80017",1800,884 S Joplin Cir,Aurora,CO,80017,1630,https://www.zillow.com/homedetails/884-S-Joplin-Cir-Aurora-CO-80017/13065904_zpid/
Condo for rent,"15300 E Arizona Ave, Aurora, CO 80017",1850,15300 E Arizona Ave,Aurora,CO,80017,1250,https://www.zillow.com/homedetails/15300-E-Arizona-Ave-Aurora-CO-80017/295028275_zpid/
Townhouse for rent,"1311 S Kingston St, Aurora, CO 80012",2050,1311 S Kingston St,Aurora,CO,80012,2292,https://www.zillow.com/homedetails/1311-S-Kingston-St-Aurora-CO-80012/63166703_zpid/
Condo for rent,"12126 E Kepner Pl, Aurora, CO 80012",1350,12126 E Kepner Pl,Aurora,CO,80012,816,https://www.zillow.com/homedetails/12126-E-Kepner-Pl-Aurora-CO-80012/13041818_zpid/
House for rent,"15102 E Bayaud Pl, Aurora, CO 80012",2350,15102 E Bayaud Pl,Aurora,CO,80012,1927,https://www.zillow.com/homedetails/15102-E-Bayaud-Pl-Aurora-CO-80012/58889159_zpid/
Condo for rent,"13506 E Jewell Ave Unit 102, Aurora, CO 80012",1250,13506 E Jewell Ave UNIT 102,Aurora,CO,80012,708,https://www.zillow.com/homedetails/13506-E-Jewell-Ave-UNIT-102-Aurora-CO-80012/13050498_zpid/
House for rent,"12805 E Florida Ave, Aurora, CO 80012",1825,12805 E Florida Ave,Aurora,CO,80012,1600,https://www.zillow.com/homedetails/12805-E-Florida-Ave-Aurora-CO-80012/13049833_zpid/
House for rent,"12813 E Nevada Cir, Aurora, CO 80012",2095,12813 E Nevada Cir,Aurora,CO,80012,2262,https://www.zillow.com/homedetails/12813-E-Nevada-Cir-Aurora-CO-80012/13041202_zpid/
House for rent,"220 S Revere St, Aurora, CO 80012",2400,220 S Revere St,Aurora,CO,80012,2700,https://www.zillow.com/homedetails/220-S-Revere-St-Aurora-CO-80012/13040374_zpid/
Townhouse for rent,"73 S Sable Blvd Apt D15, Aurora, CO 80012",1600,73 S Sable Blvd APT D15,Aurora,CO,80012,1120,https://www.zillow.com/homedetails/73-S-Sable-Blvd-APT-D15-Aurora-CO-80012/13062758_zpid/
House for rent,"12120 E Kepner Pl, Aurora, CO 80012",2350,12120 E Kepner Pl,Aurora,CO,80012,1300,https://www.zillow.com/homedetails/12120-E-Kepner-Pl-Aurora-CO-80012/13041815_zpid/
Townhouse for rent,"1094 S Dearborn St Apt 203, Aurora, CO 80012",1250,1094 S Dearborn St APT 203,Aurora,CO,80012,816,https://www.zillow.com/homedetails/1094-S-Dearborn-St-APT-203-Aurora-CO-80012/13067370_zpid/
Condo for rent,"10792 E Exposition Ave Apt 352, Aurora, CO 80012",950,10792 E Exposition Ave APT 352,Aurora,CO,80012,580,https://www.zillow.com/homedetails/10792-E-Exposition-Ave-APT-352-Aurora-CO-80012/13043628_zpid/
House for rent,"1420 S Oakland St, Aurora, CO 80012",2600,1420 S Oakland St,Aurora,CO,80012,2528,https://www.zillow.com/homedetails/1420-S-Oakland-St-Aurora-CO-80012/13047444_zpid/
Condo for rent,"10722 E Exposition Ave Apt 315, Aurora, CO 80012",1000,10722 E Exposition Ave APT 315,Aurora,CO,80012,761,https://www.zillow.com/homedetails/10722-E-Exposition-Ave-APT-315-Aurora-CO-80012/13043528_zpid/
Townhouse for rent,"12402 E Kansas Pl, Aurora, CO 80012",1750,12402 E Kansas Pl,Aurora,CO,80012,858,https://www.zillow.com/homedetails/12402-E-Kansas-Pl-Aurora-CO-80012/13048957_zpid/
Condo for rent,"14111 E Jewell Ave Apt 102, Aurora, CO 80012",1600,14111 E Jewell Ave APT 102,Aurora,CO,80012,945,https://www.zillow.com/homedetails/14111-E-Jewell-Ave-APT-102-Aurora-CO-80012/13068946_zpid/
Condo for rent,"1050 S Monaco Pkwy Unit 94, Denver, CO 80224",1950,1050 S Monaco Pkwy UNIT 94,Denver,CO,80224,1706,https://www.zillow.com/homedetails/1050-S-Monaco-Pkwy-UNIT-94-Denver-CO-80224/13404104_zpid/
House for rent,"255 S Kearney St, Denver, CO 80224",3200,255 S Kearney St,Denver,CO,80224,3000,https://www.zillow.com/homedetails/255-S-Kearney-St-Denver-CO-80224/13397341_zpid/
House for rent,"6901 E Baker Pl, Denver, CO 80224",3150,6901 E Baker Pl,Denver,CO,80224,2700,https://www.zillow.com/homedetails/6901-E-Baker-Pl-Denver-CO-80224/13412690_zpid/
Condo for rent,"6620 E Mississippi Ave Apt 3, Denver, CO 80224",1775,6620 E Mississippi Ave APT 3,Denver,CO,80224,1264,https://www.zillow.com/homedetails/6620-E-Mississippi-Ave-APT-3-Denver-CO-80224/13407777_zpid/
Condo for rent,"3460 S Poplar St Apt 102, Denver, CO 80224",1695,3460 S Poplar St APT 102,Denver,CO,80224,1179,https://www.zillow.com/homedetails/3460-S-Poplar-St-APT-102-Denver-CO-80224/13417347_zpid/
Condo for rent,"6840 E Mississippi Ave Apt D, Denver, CO 80224",2000,6840 E Mississippi Ave APT D,Denver,CO,80224,1500,https://www.zillow.com/homedetails/6840-E-Mississippi-Ave-APT-D-Denver-CO-80224/13407623_zpid/
House for rent,"1295 S Ivy Way, Denver, CO 80224",2045,1295 S Ivy Way,Denver,CO,80224,1600,https://www.zillow.com/homedetails/1295-S-Ivy-Way-Denver-CO-80224/13408214_zpid/
House for rent,"5660 E Florida Ave, Denver, CO 80224",2400,5660 E Florida Ave,Denver,CO,80224,1700,https://www.zillow.com/homedetails/5660-E-Florida-Ave-Denver-CO-80224/13408947_zpid/
House for rent,"1565 S Monaco Pkwy, Denver, CO 80224",2900,1565 S Monaco Pkwy,Denver,CO,80224,2684,https://www.zillow.com/homedetails/1565-S-Monaco-Pkwy-Denver-CO-80224/2085844319_zpid/
House for rent,"2575 S Race St, Denver, CO 80210",2350,2575 S Race St,Denver,CO,80210,852,https://www.zillow.com/homedetails/2575-S-Race-St-Denver-CO-80210/13377500_zpid/
House for rent,"1365 E Amherst Cir, Denver, CO 80210",2750,1365 E Amherst Cir,Denver,CO,80210,1798,https://www.zillow.com/homedetails/1365-E-Amherst-Cir-Denver-CO-80210/13387115_zpid/
House for rent,"2525 S Clayton St, Denver, CO 80210",1895,2525 S Clayton St,Denver,CO,80210,940,https://www.zillow.com/homedetails/2525-S-Clayton-St-Denver-CO-80210/13374992_zpid/
House for rent,"2286 S Saint Paul St, Denver, CO 80210",1895,2286 S Saint Paul St,Denver,CO,80210,1361,https://www.zillow.com/homedetails/2286-S-Saint-Paul-St-Denver-CO-80210/13374600_zpid/
House for rent,"1820 S Adams St, Denver, CO 80210",2700,1820 S Adams St,Denver,CO,80210,2150,https://www.zillow.com/homedetails/1820-S-Adams-St-Denver-CO-80210/13373725_zpid/
House for rent,"1545 S Steele St, Denver, CO 80210",2950,1545 S Steele St,Denver,CO,80210,1835,https://www.zillow.com/homedetails/1545-S-Steele-St-Denver-CO-80210/13373030_zpid/
Townhouse for rent,"1993 S Lincoln St, Denver, CO 80210",2500,1993 S Lincoln St,Denver,CO,80210,1026,https://www.zillow.com/homedetails/1993-S-Lincoln-St-Denver-CO-80210/2078690892_zpid/
Townhouse for rent,"1553 S Clarkson St, Denver, CO 80210",1800,1553 S Clarkson St,Denver,CO,80210,1000,https://www.zillow.com/homedetails/1553-S-Clarkson-St-Denver-CO-80210/2085779637_zpid/
House for rent,"3750 E Amherst Ave, Denver, CO 80210",2500,3750 E Amherst Ave,Denver,CO,80210,1510,https://www.zillow.com/homedetails/3750-E-Amherst-Ave-Denver-CO-80210/13387281_zpid/
House for rent,"2387 S Williams St, Denver, CO 80210",2100,2387 S Williams St,Denver,CO,80210,775,https://www.zillow.com/homedetails/2387-S-Williams-St-Denver-CO-80210/13376827_zpid/
House for rent,"S Clarkson St, Denver, CO 80210",3000,S Clarkson St,Denver,CO,80210,1800,https://www.zillow.com/homedetails/S-Clarkson-St-Denver-CO-80210/2088304233_zpid/
House for rent,"2435 S Humboldt St, Denver, CO 80210",2950,2435 S Humboldt St,Denver,CO,80210,1604,https://www.zillow.com/homedetails/2435-S-Humboldt-St-Denver-CO-80210/13376994_zpid/
House for rent,"2001 S Pearl St, Denver, CO 80210",1925,2001 S Pearl St,Denver,CO,80210,850,https://www.zillow.com/homedetails/2001-S-Pearl-St-Denver-CO-80210/2084347991_zpid/
House for rent,"1974 S Downing St, Denver, CO 80210",2475,1974 S Downing St,Denver,CO,80210,1626,https://www.zillow.com/homedetails/1974-S-Downing-St-Denver-CO-80210/13375872_zpid/
House for rent,"1701 S Gilpin St, Denver, CO 80210",2650,1701 S Gilpin St,Denver,CO,80210,2281,https://www.zillow.com/homedetails/1701-S-Gilpin-St-Denver-CO-80210/13371707_zpid/
House for rent,"1100 S Harrison St, Denver, CO 80210",1950,1100 S Harrison St,Denver,CO,80210,1230,https://www.zillow.com/homedetails/1100-S-Harrison-St-Denver-CO-80210/13371803_zpid/
Condo for rent,"2200 S University Blvd Apt 502, Denver, CO 80210",2150,2200 S University Blvd APT 502,Denver,CO,80210,1080,https://www.zillow.com/homedetails/2200-S-University-Blvd-APT-502-Denver-CO-80210/82592080_zpid/
House for rent,"1440 S Garfield St, Denver, CO 80210",2300,1440 S Garfield St,Denver,CO,80210,2271,https://www.zillow.com/homedetails/1440-S-Garfield-St-Denver-CO-80210/13372080_zpid/
House for rent,"1452 S Washington St, Denver, CO 80210",7800,1452 S Washington St,Denver,CO,80210,4600,https://www.zillow.com/homedetails/1452-S-Washington-St-Denver-CO-80210/13369023_zpid/
Townhouse for rent,"1823 E Warren Ave #1823, Denver, CO 80210",1695,1823 E Warren Ave #1823,Denver,CO,80210,1000,https://www.zillow.com/homedetails/1823-E-Warren-Ave-1823-Denver-CO-80210/2079326367_zpid/
House for rent,"1535 S Garfield St, Denver, CO 80210",2400,1535 S Garfield St,Denver,CO,80210,1385,https://www.zillow.com/homedetails/1535-S-Garfield-St-Denver-CO-80210/13373969_zpid/
House for rent,"1923 E Vassar Ave, Denver, CO 80210",1650,1923 E Vassar Ave,Denver,CO,80210,654,https://www.zillow.com/homedetails/1923-E-Vassar-Ave-Denver-CO-80210/13377497_zpid/
House for rent,"1260 S Monroe St, Denver, CO 80210",2200,1260 S Monroe St,Denver,CO,80210,1020,https://www.zillow.com/homedetails/1260-S-Monroe-St-Denver-CO-80210/13371991_zpid/
House for rent,"1585 S Steele St, Denver, CO 80210",3600,1585 S Steele St,Denver,CO,80210,1890,https://www.zillow.com/homedetails/1585-S-Steele-St-Denver-CO-80210/13373026_zpid/
House for rent,"1307 S Fillmore St, Denver, CO 80210",3400,1307 S Fillmore St,Denver,CO,80210,1690,https://www.zillow.com/homedetails/1307-S-Fillmore-St-Denver-CO-80210/13372732_zpid/
House for rent,"1824 S Franklin St, Denver, CO 80210",2000,1824 S Franklin St,Denver,CO,80210,1190,https://www.zillow.com/homedetails/1824-S-Franklin-St-Denver-CO-80210/13371712_zpid/
House for rent,"1462 S York St, Denver, CO 80210",2500,1462 S York St,Denver,CO,80210,1400,https://www.zillow.com/homedetails/1462-S-York-St-Denver-CO-80210/13370074_zpid/
House for rent,"2359 S High St, Denver, CO 80210",2450,2359 S High St,Denver,CO,80210,1500,https://www.zillow.com/homedetails/2359-S-High-St-Denver-CO-80210/13377362_zpid/
House for rent,"1695 S Garfield St, Denver, CO 80210",2500,1695 S Garfield St,Denver,CO,80210,1700,https://www.zillow.com/homedetails/1695-S-Garfield-St-Denver-CO-80210/13373919_zpid/
House for rent,"2165 S Gilpin St, Denver, CO 80210",1350,2165 S Gilpin St,Denver,CO,80210,800,https://www.zillow.com/homedetails/2165-S-Gilpin-St-Denver-CO-80210/58686653_zpid/
Condo for rent,"1754 S Grant St Apt G2, Denver, CO 80210",1400,1754 S Grant St APT G2,Denver,CO,80210,612,https://www.zillow.com/homedetails/1754-S-Grant-St-APT-G2-Denver-CO-80210/13369703_zpid/
Townhouse for rent,"1686 S Grant St, Denver, CO 80210",4250,1686 S Grant St,Denver,CO,80210,2190,https://www.zillow.com/homedetails/1686-S-Grant-St-Denver-CO-80210/130282013_zpid/
House for rent,"1560 S Emerson St, Denver, CO 80210",3500,1560 S Emerson St,Denver,CO,80210,1850,https://www.zillow.com/homedetails/1560-S-Emerson-St-Denver-CO-80210/13371085_zpid/
Condo for rent,"1449 S University Blvd #12, Denver, CO 80210",2100,1449 S University Blvd #12,Denver,CO,80210,1200,https://www.zillow.com/homedetails/1449-S-University-Blvd-12-Denver-CO-80210/2078136343_zpid/
House for rent,"1120 S Franklin St, Denver, CO 80210",9500,1120 S Franklin St,Denver,CO,80210,4040,https://www.zillow.com/homedetails/1120-S-Franklin-St-Denver-CO-80210/13370509_zpid/
House for rent,"2466 S York St, Denver, CO 80210",1100,2466 S York St,Denver,CO,80210,800,https://www.zillow.com/homedetails/2466-S-York-St-Denver-CO-80210/2083386100_zpid/
House for rent,"2385 S Gilpin St, Denver, CO 80210",2100,2385 S Gilpin St,Denver,CO,80210,1555,https://www.zillow.com/homedetails/2385-S-Gilpin-St-Denver-CO-80210/13376851_zpid/
House for rent,"2028 S Corona St, Denver, CO 80210",2350,2028 S Corona St,Denver,CO,80210,1040,https://www.zillow.com/homedetails/2028-S-Corona-St-Denver-CO-80210/13376460_zpid/
House for rent,"1785 S Gilpin St, Denver, CO 80210",2500,1785 S Gilpin St,Denver,CO,80210,1578,https://www.zillow.com/homedetails/1785-S-Gilpin-St-Denver-CO-80210/13371696_zpid/
House for rent,"1995 S Humboldt St, Denver, CO 80210",3150,1995 S Humboldt St,Denver,CO,80210,1900,https://www.zillow.com/homedetails/1995-S-Humboldt-St-Denver-CO-80210/13375825_zpid/
House for rent,"2325 S Clayton St, Denver, CO 80210",3600,2325 S Clayton St,Denver,CO,80210,2536,https://www.zillow.com/homedetails/2325-S-Clayton-St-Denver-CO-80210/13374694_zpid/
House for rent,"1121 S Downing St, Denver, CO 80210",3900,1121 S Downing St,Denver,CO,80210,2613,https://www.zillow.com/homedetails/1121-S-Downing-St-Denver-CO-80210/13370545_zpid/
House for rent,"3550 Buchtel Blvd, Denver, CO 80210",2999,3550 Buchtel Blvd,Denver,CO,80210,1666,https://www.zillow.com/homedetails/3550-Buchtel-Blvd-Denver-CO-80210/13373988_zpid/
Condo for rent,"2320 S University Blvd Apt 203, Denver, CO 80210",1300,2320 S University Blvd APT 203,Denver,CO,80210,600,https://www.zillow.com/homedetails/2320-S-University-Blvd-APT-203-Denver-CO-80210/58294237_zpid/
House for rent,"2175 S Lafayette St, Denver, CO 80210",2400,2175 S Lafayette St,Denver,CO,80210,1800,https://www.zillow.com/homedetails/2175-S-Lafayette-St-Denver-CO-80210/13376124_zpid/
Condo for rent,"2006 S Columbine St, Denver, CO 80210",1600,2006 S Columbine St,Denver,CO,80210,1000,https://www.zillow.com/homedetails/2006-S-Columbine-St-Denver-CO-80210/2110055336_zpid/
House for rent,"1500 S Ogden St, Denver, CO 80210",3800,1500 S Ogden St,Denver,CO,80210,3400,https://www.zillow.com/homedetails/1500-S-Ogden-St-Denver-CO-80210/13371047_zpid/
Townhouse for rent,"2637 S University Blvd, Denver, CO 80210",1725,2637 S University Blvd,Denver,CO,80210,1008,https://www.zillow.com/homedetails/2637-S-University-Blvd-Denver-CO-80210/13377662_zpid/
House for rent,"200 E Mexico Ave, Denver, CO 80210",2200,200 E Mexico Ave,Denver,CO,80210,1200,https://www.zillow.com/homedetails/200-E-Mexico-Ave-Denver-CO-80210/130282309_zpid/
House for rent,"1836 S Adams St, Denver, CO 80210",2775,1836 S Adams St,Denver,CO,80210,2150,https://www.zillow.com/homedetails/1836-S-Adams-St-Denver-CO-80210/13373727_zpid/
House for rent,"1929 S High St, Denver, CO 80210",3125,1929 S High St,Denver,CO,80210,2163,https://www.zillow.com/homedetails/1929-S-High-St-Denver-CO-80210/247388759_zpid/
House for rent,"1435 E Iliff Ave, Denver, CO 80210",1145,1435 E Iliff Ave,Denver,CO,80210,400,https://www.zillow.com/homedetails/1435-E-Iliff-Ave-Denver-CO-80210/2101049717_zpid/
House for rent,"1500 S University Blvd, Denver, CO 80210",2990,1500 S University Blvd,Denver,CO,80210,2400,https://www.zillow.com/homedetails/1500-S-University-Blvd-Denver-CO-80210/2078557712_zpid/
House for rent,"1776 S Corona St, Denver, CO 80210",2400,1776 S Corona St,Denver,CO,80210,1600,https://www.zillow.com/homedetails/1776-S-Corona-St-Denver-CO-80210/13371354_zpid/
Condo for rent,"2225 Buchtel Blvd Apt 803, Denver, CO 80210",1500,2225 Buchtel Blvd APT 803,Denver,CO,80210,886,https://www.zillow.com/homedetails/2225-Buchtel-Blvd-APT-803-Denver-CO-80210/2078708387_zpid/
Townhouse for rent,"2001 S High St, Denver, CO 80210",3200,2001 S High St,Denver,CO,80210,1845,https://www.zillow.com/homedetails/2001-S-High-St-Denver-CO-80210/247389407_zpid/
Townhouse for rent,"2328 S High St, Denver, CO 80210",1850,2328 S High St,Denver,CO,80210,900,https://www.zillow.com/homedetails/2328-S-High-St-Denver-CO-80210/2090421138_zpid/
House for rent,"2025 S High St, Denver, CO 80210",4500,2025 S High St,Denver,CO,80210,2400,https://www.zillow.com/homedetails/2025-S-High-St-Denver-CO-80210/13375996_zpid/
Townhouse for rent,"2656 S Grant St, Denver, CO 80210",1895,2656 S Grant St,Denver,CO,80210,1193,https://www.zillow.com/homedetails/2656-S-Grant-St-Denver-CO-80210/13379456_zpid/
House for rent,"2005 S Ogden St, Denver, CO 80210",2800,2005 S Ogden St,Denver,CO,80210,1513,https://www.zillow.com/homedetails/2005-S-Ogden-St-Denver-CO-80210/13376406_zpid/
House for rent,"1211 S Columbine St, Denver, CO 80210",3500,1211 S Columbine St,Denver,CO,80210,2272,https://www.zillow.com/homedetails/1211-S-Columbine-St-Denver-CO-80210/13372508_zpid/
House for rent,"2484 S Cook St, Denver, CO 80210",1795,2484 S Cook St,Denver,CO,80210,755,https://www.zillow.com/homedetails/2484-S-Cook-St-Denver-CO-80210/13375312_zpid/
House for rent,"1352 S Quieto Ct, Denver, CO 80223",1450,1352 S Quieto Ct,Denver,CO,80223,774,https://www.zillow.com/homedetails/1352-S-Quieto-Ct-Denver-CO-80223/13367645_zpid/
House for rent,"2384 S Bannock St, Denver, CO 80223",2750,2384 S Bannock St,Denver,CO,80223,2000,https://www.zillow.com/homedetails/2384-S-Bannock-St-Denver-CO-80223/13379092_zpid/
House for rent,"227 S Bannock St, Denver, CO 80223",1450,227 S Bannock St,Denver,CO,80223,700,https://www.zillow.com/homedetails/227-S-Bannock-St-Denver-CO-80223/2115542099_zpid/
House for rent,"1565 S Quivas St, Denver, CO 80223",1850,1565 S Quivas St,Denver,CO,80223,742,https://www.zillow.com/homedetails/1565-S-Quivas-St-Denver-CO-80223/13368321_zpid/
House for rent,"1700 S Raritan St, Denver, CO 80223",2300,1700 S Raritan St,Denver,CO,80223,1160,https://www.zillow.com/homedetails/1700-S-Raritan-St-Denver-CO-80223/13368179_zpid/
House for rent,"2120 S Galapago St, Denver, CO 80223",2200,2120 S Galapago St,Denver,CO,80223,1473,https://www.zillow.com/homedetails/2120-S-Galapago-St-Denver-CO-80223/13378762_zpid/
House for rent,"855 S Osage St, Denver, CO 80223",2400,855 S Osage St,Denver,CO,80223,2000,https://www.zillow.com/homedetails/855-S-Osage-St-Denver-CO-80223/13358057_zpid/
House for rent,"47 W Alameda Ave, Denver, CO 80223",2400,47 W Alameda Ave,Denver,CO,80223,1700,https://www.zillow.com/homedetails/47-W-Alameda-Ave-Denver-CO-80223/13344775_zpid/
House for rent,"2471 S Cherokee St, Denver, CO 80223",3900,2471 S Cherokee St,Denver,CO,80223,3299,https://www.zillow.com/homedetails/2471-S-Cherokee-St-Denver-CO-80223/13378905_zpid/
House for rent,"2143 S Acoma St, Denver, CO 80223",2899,2143 S Acoma St,Denver,CO,80223,3320,https://www.zillow.com/homedetails/2143-S-Acoma-St-Denver-CO-80223/13378454_zpid/
Townhouse for rent,"56 S Elati St, Denver, CO 80223",2395,56 S Elati St,Denver,CO,80223,1467,https://www.zillow.com/homedetails/56-S-Elati-St-Denver-CO-80223/130255410_zpid/
House for rent,"2260 S Bannock St, Denver, CO 80223",2600,2260 S Bannock St,Denver,CO,80223,1676,https://www.zillow.com/homedetails/2260-S-Bannock-St-Denver-CO-80223/13378568_zpid/
House for rent,"2111 S Bannock St, Denver, CO 80223",2195,2111 S Bannock St,Denver,CO,80223,950,https://www.zillow.com/homedetails/2111-S-Bannock-St-Denver-CO-80223/2097426128_zpid/
House for rent,"1550 S Tejon St, Denver, CO 80223",1795,1550 S Tejon St,Denver,CO,80223,715,https://www.zillow.com/homedetails/1550-S-Tejon-St-Denver-CO-80223/13367889_zpid/
House for rent,"600 S Decatur St, Denver, CO 80219",2500,600 S Decatur St,Denver,CO,80219,1454,https://www.zillow.com/homedetails/600-S-Decatur-St-Denver-CO-80219/13358664_zpid/
House for rent,"1402 S Yates St, Denver, CO 80219",2275,1402 S Yates St,Denver,CO,80219,1054,https://www.zillow.com/homedetails/1402-S-Yates-St-Denver-CO-80219/13363598_zpid/
House for rent,"266 Quitman St, Denver, CO 80219",2850,266 Quitman St,Denver,CO,80219,1676,https://www.zillow.com/homedetails/266-Quitman-St-Denver-CO-80219/13338612_zpid/
House for rent,"3371 W Cedar Ave, Denver, CO 80219",1995,3371 W Cedar Ave,Denver,CO,80219,1400,https://www.zillow.com/homedetails/3371-W-Cedar-Ave-Denver-CO-80219/2111089117_zpid/
House for rent,"1120 S Yates St, Denver, CO 80219",1900,1120 S Yates St,Denver,CO,80219,920,https://www.zillow.com/homedetails/1120-S-Yates-St-Denver-CO-80219/13363160_zpid/
House for rent,"1828 S Meade St, Denver, CO 80219",2500,1828 S Meade St,Denver,CO,80219,1057,https://www.zillow.com/homedetails/1828-S-Meade-St-Denver-CO-80219/13364629_zpid/
House for rent,"1140 S Xavier St, Denver, CO 80219",1675,1140 S Xavier St,Denver,CO,80219,895,https://www.zillow.com/homedetails/1140-S-Xavier-St-Denver-CO-80219/13363137_zpid/
House for rent,"2350 S Irving St, Denver, CO 80219",2750,2350 S Irving St,Denver,CO,80219,2000,https://www.zillow.com/homedetails/2350-S-Irving-St-Denver-CO-80219/13380523_zpid/
House for rent,"1991 S Stuart St, Denver, CO 80219",2500,1991 S Stuart St,Denver,CO,80219,2154,https://www.zillow.com/homedetails/1991-S-Stuart-St-Denver-CO-80219/13381845_zpid/
House for rent,"2601 S Green Ct, Denver, CO 80219",2000,2601 S Green Ct,Denver,CO,80219,856,https://www.zillow.com/homedetails/2601-S-Green-Ct-Denver-CO-80219/13381067_zpid/
House for rent,"4972 W Custer Pl, Denver, CO 80219",2100,4972 W Custer Pl,Denver,CO,80219,1220,https://www.zillow.com/homedetails/4972-W-Custer-Pl-Denver-CO-80219/13361436_zpid/
House for rent,"386 S Stuart St, Denver, CO 80219",2245,386 S Stuart St,Denver,CO,80219,1600,https://www.zillow.com/homedetails/386-S-Stuart-St-Denver-CO-80219/2122055226_zpid/
House for rent,"384 S Stuart St, Denver, CO 80219",1645,384 S Stuart St,Denver,CO,80219,1400,https://www.zillow.com/homedetails/384-S-Stuart-St-Denver-CO-80219/130272592_zpid/
House for rent,"450 S Clay St, Denver, CO 80219",1650,450 S Clay St,Denver,CO,80219,762,https://www.zillow.com/homedetails/450-S-Clay-St-Denver-CO-80219/13358407_zpid/
House for rent,"3180 W Mexico Ave, Denver, CO 80219",2600,3180 W Mexico Ave,Denver,CO,80219,2500,https://www.zillow.com/homedetails/3180-W-Mexico-Ave-Denver-CO-80219/13366081_zpid/
House for rent,"55 S Clay St, Denver, CO 80219",1649,55 S Clay St,Denver,CO,80219,929,https://www.zillow.com/homedetails/55-S-Clay-St-Denver-CO-80219/13341599_zpid/
House for rent,"2221 S Wolff St, Denver, CO 80219",2454,2221 S Wolff St,Denver,CO,80219,2025,https://www.zillow.com/homedetails/2221-S-Wolff-St-Denver-CO-80219/13382624_zpid/
House for rent,"3040 W 3rd Ave, Denver, CO 80219",1900,3040 W 3rd Ave,Denver,CO,80219,800,https://www.zillow.com/homedetails/3040-W-3rd-Ave-Denver-CO-80219/2121825318_zpid/
